possibly_sensitive,text,source,id,created_at,lang,reply_settings,author_id,edit_history_tweet_ids,hashtags_list,urls_list,public_metrics_retweet_count,public_metrics_reply_count,public_metrics_like_count,public_metrics_quote_count,pagination_token,current_time
False,"RT @weedside0: hija de papi? si, por????",Twitter for iPad,1590904766871502848,2022-11-11T03:10:28.000Z,es,everyone,1283839616810995712,['1590904766871502848'],[],[],2117,0,0,0,,2022-11-10 19:10:33.057126
False,"RT @YukiSacura: ã—ãã•ã¨ã‹å£°ã¨ã‹ç›®ç·šã¨ã‹â€¥

ã‚ããƒ¼ãƒ¼
ã‹ã‚ã„ã™ãã‚‹
ã‚¢ãƒŸã‚’è¦‹ã‚‹å„ªã—ã„ç›®
å¤§å¥½ãâ™¡

Iâ€™m voting for BTS (@BTS_twt) for Favorite Pop Duo or Group at the #AMAs https:/â€¦",Twitter Web App,1590904766888284161,2022-11-11T03:10:28.000Z,ja,everyone,1521270807460478976,['1590904766888284161'],['AMAs'],[],88,0,0,0,,2022-11-10 19:10:33.058297
False,"RT @AleB1808: Ni asÃ­ la gente quiere volar de ese aeropuerto,  un rotundo fracaso de este gobierno. https://t.co/Hpa5sdB4DZ",Twitter for Android,1590904766867161090,2022-11-11T03:10:28.000Z,es,everyone,974578403692109824,['1590904766867161090'],[],['https://twitter.com/AleB1808/status/1590879909802807296/photo/1'],68,0,0,0,,2022-11-10 19:10:33.060218
False,"It's about damn time! Sanctioning lawyers should reduce abuse of the legal system. Trump Bannon Navarro GOP you're on notice! Hope all judges will act accordingly. Enough! 

Judge slaps sanctions on Trump lawyers for â€˜frivolousâ€™ Clinton lawsuit https://t.co/FVrHqwsspG #SmartNews",Twitter for Android,1590904766866984960,2022-11-11T03:10:28.000Z,en,everyone,975364111,['1590904766866984960'],['SmartNews'],['https://l.smartnews.com/oqzhk/MAVqeR'],0,0,0,0,,2022-11-10 19:10:33.060988
False,"MBB: 2nd Half | 18:57
The Saints start off the 2nd half on a 6-0 run to lead 56-32 over the Cougars! #SCCCSaints #GoodToBeGreen",Twitter for Android,1590904766875553793,2022-11-11T03:10:28.000Z,en,everyone,56516160,['1590904766875553793'],"['SCCCSaints', 'GoodToBeGreen']",[],0,0,0,0,,2022-11-10 19:10:33.061604
False,"ã ã‚ã†ã­

ã€ãƒã‚§ãƒ³ã‚½ãƒ¼ãƒãƒ³ã€ä½œè€…ãƒ»è—¤æœ¬ã‚¿ãƒ„ã‚­ãŒè‡ªèº«ã®å¦¹ã¨ã—ã¦æ´»å‹•ã—ã¦ã„ã‚‹â€œãªãŒã‚„ã¾ã“ã¯ã‚‹â€ã®TwitterãŒå‡çµã€‚â€œå°å­¦3å¹´ç”Ÿâ€ã¨ã„ã†è¨­å®šãŒåŸå› ã®æ¨¡æ§˜ | ã‚²ãƒ¼ãƒ ãƒ»ã‚¨ãƒ³ã‚¿ãƒ¡æœ€æ–°æƒ…å ±ã®ãƒ•ã‚¡ãƒŸé€š.com https://t.co/5CPREmprPE @famitsuã‚ˆã‚Š",Twitter Web App,1590904766884098055,2022-11-11T03:10:28.000Z,ja,everyone,567762421,['1590904766884098055'],[],['https://www.famitsu.com/news/202211/11282424.html'],0,0,0,0,,2022-11-10 19:10:33.062188
False,RT @nftdreamer22: Hey yall just got my first Degen Toonz yesterday. Degen Toonz #6544. Some say this is quite a legendary Toon. @DegenToonzâ€¦,Twitter for iPhone,1590904766879920129,2022-11-11T03:10:28.000Z,en,everyone,1414570585342963712,['1590904766879920129'],[],[],40,0,0,0,,2022-11-10 19:10:33.063230
False,@MastriaTata Vc vai na time migo?,Twitter for iPhone,1590904766888124416,2022-11-11T03:10:28.000Z,pt,everyone,730196053731971072,['1590904766888124416'],[],[],0,0,0,0,,2022-11-10 19:10:33.063958
False,Strategi Lippo Karawaci (LPKR) Mengelola Air di Kota Mandiri https://t.co/Nhf9w7eBZy,Investor Daily,1590904766892191744,2022-11-11T03:10:28.000Z,in,everyone,238091066,['1590904766892191744'],[],['https://investor.id/business/312566/strategi-lippo-karawaci-lpkr-mengelola-air-di-kota-mandiri'],0,0,0,0,,2022-11-10 19:10:33.064753
False,RT @sumpeoplelikeit: Republicans are amazed that the kids they gleefully put through active shooter drills grew up to vote against them.,Twitter for Android,1590904766884085763,2022-11-11T03:10:28.000Z,en,everyone,152751204,['1590904766884085763'],[],[],5986,0,0,0,,2022-11-10 19:10:33.065428
False,"@nisssssssy7 teamãƒ“ã‚¢ãƒœãƒ¼ãƒ«ã‹ã‚‰
æ–°ç€ãƒ¡ãƒƒã‚»ãƒ¼ã‚¸ãŒå±Šãã¾ã—ãŸã€‚
ãƒ©ã‚¹ãƒˆã«çµæœç™ºè¡¨ãŒãƒ»ãƒ»ãƒ»ï¼

#ç‚­é…¸ã§ã¤ãã‚‹è‡ªç”±ãªãƒ“ãƒ¼ãƒ«
#ãƒ“ã‚¢ãƒœãƒ¼ãƒ« ã®æ¥½ã—ã¿æ–¹ã¯ã“ã¡ã‚‰
https://t.co/3UbTU01FI8 https://t.co/vpbxAn76Z5",Karabiner,1590904766867345408,2022-11-11T03:10:28.000Z,ja,everyone,133684052,['1590904766867345408'],"['ç‚­é…¸ã§ã¤ãã‚‹è‡ªç”±ãªãƒ“ãƒ¼ãƒ«', 'ãƒ“ã‚¢ãƒœãƒ¼ãƒ«']","['https://www.suntory.co.jp/beer/beerball/?krbn_uid=27fe8d6c-5f1e-4489-8911-a2e6aec66e71', 'https://twitter.com/suntory/status/1590904766867345408/video/1']",0,0,0,0,,2022-11-10 19:10:33.070928
False,@DrDemography So all rental housing would have to be government-owned? Sounds implausible. Why can't ordinary families own real estate to fund their retirement instead of risking other types of investment?,Twitter Web App,1590904766871523329,2022-11-11T03:10:28.000Z,en,everyone,980098682,['1590904766871523329'],[],[],0,0,0,0,,2022-11-10 19:10:33.071917
False,"RT @apegadinho: DEBORAH TOMBADAAAAAAA, VAI  NA SOMBRA PAVOAAAAAA KKKKKKKKKKK #EliminaÃ§Ã£oAFazenda https://t.co/dT2Pfe1gQi",Twitter for Android,1590904766863118336,2022-11-11T03:10:28.000Z,pt,everyone,3092125413,['1590904766863118336'],['EliminaÃ§Ã£oAFazenda'],['https://twitter.com/apegadinho/status/1590898250055581696/photo/1'],22,0,0,0,,2022-11-10 19:10:33.072545
False,@ray_hedgehog Comprensible xD,Twitter for Android,1590904766867148800,2022-11-11T03:10:28.000Z,es,everyone,1263623173133742080,['1590904766867148800'],[],[],0,0,0,0,,2022-11-10 19:10:33.073289
False,Que locura hermano @ysy__a estas enfermo,Twitter for Android,1590904766896361472,2022-11-11T03:10:28.000Z,es,everyone,2972193898,['1590904766896361472'],[],[],0,0,0,0,,2022-11-10 19:10:33.073895
False,ç¬‘ã£ã¦ã‚‹ã‚ˆã†ã«è¦‹ãˆã‚‹ã‹ã„ï¼Ÿ,twittbot.net,1590904766879895555,2022-11-11T03:10:28.000Z,ja,everyone,457441544,['1590904766879895555'],[],[],0,0,0,0,,2022-11-10 19:10:33.074414
False,â€¦ãã‚ãã‚ãŠæ˜¼ã«ã—ã¾ã›ã‚“ã‹ï¼Ÿ,twittbot.net,1590904766884110336,2022-11-11T03:10:28.000Z,ja,everyone,770943990,['1590904766884110336'],[],[],0,0,0,0,,2022-11-10 19:10:33.075002
False,"RT @dreamfoIder: [221111] ğŸ¹ğŸ’­

â€œgood morningâ€",Twitter for Android,1590904766875721728,2022-11-11T03:10:28.000Z,en,mentionedUsers,1275438208684359681,['1590904766875721728'],[],[],143,0,0,0,,2022-11-10 19:10:33.075520
False,"RT @karenshinjyuku: #æ–°å®¿åŒºé•·é¸ ã€ã„ã‚ˆã„ã‚ˆå§‹ã¾ã‚Šã¾ã—ãŸãƒ¼ãƒ¼ãƒ¼ãƒ¼ãƒƒâ€¼ï¸

ç´ æ•µãªæ”¿ç­–PVã‚’ä½œã£ã¦é ‚ã„ãŸã®ã§ã€å¤§æ‹¡æ•£ã‚’ã‚ˆã‚ã—ããŠé¡˜ã„ã„ãŸã—ã¾ã™ã€‚

çš†ã•ã‚“ã¨ä¸€ç·’ã«ã€ã¡ã„ã•ãå£°ã‚’ã™ãã„ã‚ã’ã‚‹æ–°å®¿åŒºã¸ã¨è»¢æ›ã‚’å›³ã‚ŠãŸã„ã¨æ€ã„ã¾ã™ã€‚

#ã¿ã‚“ãªã®ã‚ˆã ã‹ã‚Œã‚“
ï¼ƒé‡å…šçµ±ä¸€â€¦",Twitter for Android,1590904766892511232,2022-11-11T03:10:28.000Z,ja,everyone,828199272411639808,['1590904766892511232'],"['æ–°å®¿åŒºé•·é¸', 'ã¿ã‚“ãªã®ã‚ˆã ã‹ã‚Œã‚“']",[],2024,0,0,0,,2022-11-10 19:10:33.076103
False,RT @annacol99: à¹à¸‡à¸‡à¸‡à¸‡ à¹€à¸ˆà¸­à¸„à¸¥à¸´à¸›à¸™à¸µà¹‰à¹à¸¥à¹‰à¸§à¸„à¸´à¸”à¸–à¸¶à¸‡à¸•à¸­à¸™à¹„à¸›à¸”à¸¹à¸—à¸µà¹ˆà¸ªà¸•à¸¹à¸­à¹ˆà¸² à¹€à¸šà¸·à¹‰à¸­à¸‡à¸«à¸¥à¸±à¸‡à¸™à¹ˆà¸²à¸£à¸±à¸à¸à¸±à¸™à¸¡à¸²à¸à¸à¸à¸à¸ ğŸ¥¹ https://t.co/ba329x0L5H,Twitter for Android,1590904766871502849,2022-11-11T03:10:28.000Z,th,everyone,1544251360727941120,['1590904766871502849'],[],['https://twitter.com/king_ldhm/status/1590528384668692481/video/1'],199,0,0,0,,2022-11-10 19:10:33.076783
False,"RT @DemGovs: GOVERNOR @KathyHochul
GOVERNOR @LauraKellyKS
GOVERNOR @Michelle4NM
GOVERNOR @JanetMillsforME
GOVERNOR @GretchenWhitmer 
GOVERNâ€¦",Twitter Web App,1590904766892474368,2022-11-11T03:10:28.000Z,en,everyone,1223319872001564673,['1590904766892474368'],[],[],352,0,0,0,,2022-11-10 19:10:33.077495
False,best drop @Kleio33 @Fun_lands @aromerocm @Chastit26743709 @b_is_banana @Rex_lsh @MewooNft @wing3jp @coralpandaSR @RobMayeda @s30dv @henryfo53782525 @cookiedeck_ https://t.co/idPldX0UKG,Twitter Web App,1590904766879645696,2022-11-11T03:10:28.000Z,en,everyone,1590775876144304171,['1590904766879645696'],[],['https://twitter.com/Azuki0ficial/status/1590859591004192769'],0,0,0,0,,2022-11-10 19:10:33.078942
False,"RT @medicinaupap: URGENTEğŸš¨ 
Centenas caminhÃµes de todos os estados do paÃ­s chegam a BrasÃ­lia para manifestaÃ§Ã£o contra governo Lula. #ForaLuâ€¦",Twitter for Android,1590904766879891456,2022-11-11T03:10:28.000Z,pt,everyone,1133959102848278528,['1590904766879891456'],[],[],3120,0,0,0,,2022-11-10 19:10:33.079994
False,@BradenMeador61 @HeidiFoster74 ğŸ¤£ this is gold. OUTSTANDING response bro,Twitter for iPhone,1590904766883774464,2022-11-11T03:10:28.000Z,en,everyone,1389035725358866433,['1590904766883774464'],[],[],0,0,0,0,,2022-11-10 19:10:33.080666
False,https://t.co/0hWI4TxiA8,Twitter for Android,1590904766863134720,2022-11-11T03:10:28.000Z,zxx,everyone,1551631005173301249,['1590904766863134720'],[],['https://twitter.com/hzaalmtyry18/status/1590904766863134720/video/1'],0,0,1,0,,2022-11-10 19:10:33.084708
False,"RT @drninaansary: Kurdish rapper #SamanYasin accused of ""enmity against God"" for supporting protests against the regime in #Iran has been sâ€¦",Twitter for iPhone,1590904766858932224,2022-11-11T03:10:28.000Z,en,everyone,1213516840892133377,['1590904766858932224'],"['SamanYasin', 'Iran']",[],2161,0,0,0,,2022-11-10 19:10:33.090123
True,RT @Rothys2: https://t.co/HzHQO0Nv4V,Twitter for iPhone,1590904766867333120,2022-11-11T03:10:28.000Z,zxx,everyone,1186584647578206208,['1590904766867333120'],[],['https://twitter.com/Highcool8/status/872547155155722241/video/1'],78,0,0,0,,2022-11-10 19:10:33.092142
False,RT @CombatientesSur: En estos momentos se estÃ¡ gestando una catÃ¡strofe militar. Se reciben informes fragmentarios sobre el bombardeo en curâ€¦,Twitter for Android,1590904766875697152,2022-11-11T03:10:28.000Z,es,everyone,291771744,['1590904766875697152'],[],[],2,0,0,0,,2022-11-10 19:10:33.105632
False,"ã‚¢ãƒ¼ã‚«ã‚¤ãƒ–é…ä¿¡ 
ãƒŸãƒ¥ãƒ¼ã‚¸ã‚«ãƒ«ã€åˆ€å‰£ä¹±èˆã€ 
ã€œçœŸå‰£ä¹±èˆç¥­2018ã€œ æœ€çµ‚å…¬æ¼” 
é…ä¿¡é–‹å§‹æ—¥ï¼š2019/03/04
åéŒ²æ™‚é–“ï¼š161åˆ†
èˆå°å‹•ç”» ã¯ã“ã¡ã‚‰ã‹ã‚‰
â‡©
https://t.co/Q6SRaWrbb2

#åˆ€ãƒŸãƒ¥
#çœŸå‰£ä¹±èˆç¥­ 
#åˆ€å‰£ç”·å­",Botbird tweets,1590904766892507137,2022-11-11T03:10:28.000Z,ja,everyone,2166643854,['1590904766892507137'],"['åˆ€ãƒŸãƒ¥', 'çœŸå‰£ä¹±èˆç¥­', 'åˆ€å‰£ç”·å­']",['https://onl.la/LUWQy2W'],0,0,0,0,,2022-11-10 19:10:33.106915
False,@elmonosanchezof Petrorrea el salvador,Twitter for Android,1590904766888300544,2022-11-11T03:10:28.000Z,es,everyone,1550322402562809856,['1590904766888300544'],[],[],0,0,0,0,,2022-11-10 19:10:33.107782
False,@Aruthasexy1 One.,Twitter for iPhone,1590904766884098053,2022-11-11T03:10:28.000Z,und,everyone,1167539422260125696,['1590904766884098053'],[],[],0,0,0,0,,2022-11-10 19:10:33.110057
False,I SAID IT FIRST https://t.co/193yT2xroW,Twitter for iPhone,1590904766879903747,2022-11-11T03:10:28.000Z,en,everyone,1537485096214835201,['1590904766879903747'],[],['https://twitter.com/itsmoodyaf/status/1590708301184270338'],0,0,0,0,,2022-11-10 19:10:33.116665
False,RT @arash61336651: denecek #ÅŸiÅŸli mecidiyekÃ¶y KUMABÄ°LÄ°RSÄ°N kartal taksim eren hiÃ§ Hepsi aÄŸrÄ±dÄ±r avutmaca È‡ÌˆsÌ‘ÌˆcÌ‘ÌˆÈÌˆÈ“ÌˆtÌ‘ BuÄŸdayÄ±miz https://â€¦,Twitter for Mac,1590904766883778560,2022-11-11T03:10:28.000Z,tr,everyone,1589428631000023043,['1590904766883778560'],['ÅŸiÅŸli'],[],35,0,0,0,,2022-11-10 19:10:33.119829
False,ã‚­ãƒ£ãƒƒãƒ—ã‚ã£ã¡ã‚ƒã‚·ãƒ³ãƒ—ãƒ«ã‚„ã‚“ã€œã¨æ€ã„ãã‚„ã€è£é¢ã‚®ãƒƒã‚·ãƒªã ã£ãŸã—ã€ã‚ˆãè¦‹ãŸã‚‰åŒè‘‰ãªã‚ã“ã•ã‚“ã„ã¦ã‚‹ã®å¬‰ã—ã¿( ËŠÌ±Ë‚ËƒË‹Ì± )ğŸŒ± https://t.co/ZwFWprlsQ1 https://t.co/lkSIGmLRSE,Twitter for iPhone,1590904766888284160,2022-11-11T03:10:28.000Z,ja,everyone,1138212870179606528,['1590904766888284160'],[],"['https://twitter.com/hutaba_nnf/status/1590904766888284160/photo/1', 'https://twitter.com/nameko_crowd/status/1590903436723511296']",0,0,0,0,,2022-11-10 19:10:33.120901
False,RT @G0THRUBY: jennie kim is so hot https://t.co/dCKXizIyQ4,Twitter for Android,1590904766879916033,2022-11-11T03:10:28.000Z,en,everyone,1470130909458403331,['1590904766879916033'],[],"['https://twitter.com/G0THRUBY/status/1590841184578318336/video/1', 'https://twitter.com/G0THRUBY/status/1590841184578318336/video/1']",568,0,0,0,,2022-11-10 19:10:33.123504
False,"RT @gurjarrajesh123: #à¤•à¤‚à¤ªà¥à¤¯à¥‚à¤Ÿà¤°_à¤…à¤¨à¥à¤¦à¥‡à¤¶à¤•_à¤®à¥‡à¤‚_à¤¶à¤¿à¤¥à¤¿à¤²à¤¤à¤¾_à¤¦à¥‹ #à¤•à¤‚à¤ªà¥à¤¯à¥‚à¤Ÿà¤°_à¤…à¤¨à¥à¤¦à¥‡à¤¶à¤•_à¤®à¥‡à¤‚_à¤¶à¤¿à¤¥à¤¿à¤²à¤¤à¤¾_à¤¦à¥‹
#à¤•à¤‚à¤ªà¥à¤¯à¥‚à¤Ÿà¤°_à¤…à¤¨à¥à¤¦à¥‡à¤¶à¤•_à¤®à¥‡à¤‚_à¤¶à¤¿à¤¥à¤¿à¤²à¤¤à¤¾_à¤¦à¥‹

Computer à¤…à¤¨à¥à¤¦à¥‡à¤¶à¤• à¤­â€¦",Twitter for Android,1590904766888304640,2022-11-11T03:10:28.000Z,hi,everyone,1282971764088168449,['1590904766888304640'],"['à¤•à¤‚à¤ªà¥à¤¯à¥‚à¤Ÿà¤°_à¤…à¤¨à¥à¤¦à¥‡à¤¶à¤•_à¤®à¥‡à¤‚_à¤¶à¤¿à¤¥à¤¿à¤²à¤¤à¤¾_à¤¦à¥‹', 'à¤•à¤‚à¤ªà¥à¤¯à¥‚à¤Ÿà¤°_à¤…à¤¨à¥à¤¦à¥‡à¤¶à¤•_à¤®à¥‡à¤‚_à¤¶à¤¿à¤¥à¤¿à¤²à¤¤à¤¾_à¤¦à¥‹', 'à¤•à¤‚à¤ªà¥à¤¯à¥‚à¤Ÿà¤°_à¤…à¤¨à¥à¤¦à¥‡à¤¶à¤•_à¤®à¥‡à¤‚_à¤¶à¤¿à¤¥à¤¿à¤²à¤¤à¤¾_à¤¦à¥‹']",[],10,0,0,0,,2022-11-10 19:10:33.129662
False,Letâ€™s celebrate National Education Day the â€˜investorâ€™ way! Learning to manage your finances well and having knowledge of your investment options is an important part of financial awareness and education. Investing through SIP is one such optio https://t.co/35FBtyeJjA https://t.co/hEe7cFj8Wi,SalesPanda DM,1590904766875701248,2022-11-11T03:10:28.000Z,en,everyone,792805340,['1590904766875701248'],[],"['https://web-link.co/4npk9', 'https://twitter.com/lk39g/status/1590904766875701248/photo/1']",0,0,0,0,,2022-11-10 19:10:33.132728
False,RT @eFnlzGL4jUdV7IX: AradÄ±ÄŸÄ±nÄ±z TÃ¼m Slot Oyunlar Burada ğŸˆğŸˆ #Marsbahis GerÃ§ek KazancÄ±n GerÃ§ek Adresi https://t.co/5pw3406uNX tren https://t.â€¦,Twitter Web App,1590904766871523330,2022-11-11T03:10:28.000Z,tr,everyone,1585551268877049856,['1590904766871523330'],['Marsbahis'],['http://Bitlytr.com/marsbahis'],45,0,0,0,,2022-11-10 19:10:33.137068
False,"Shout out to people who smile back. I may never get to see you again, but thank you",Twitter for iPhone,1590904766858944512,2022-11-11T03:10:28.000Z,en,everyone,2331310722,['1590904766858944512'],[],[],0,0,0,0,,2022-11-10 19:10:33.142403
False,"I don't really believe in diets. I love 

 https://t.co/HJvfxWfudp",Twitter for iPhone,1590904766887997441,2022-11-11T03:10:28.000Z,en,everyone,1585326200008101888,['1590904766887997441'],[],['https://twitter.com/Georgea44641568/status/1590904748756144128'],0,0,0,0,,2022-11-10 19:10:33.143003
False,"No mms lo que darÃ­a porque mi abuelita siguiera viendo mis fotos, viÃ©ndome a mi ğŸ¥º https://t.co/YbtjOKeDBB",Twitter for Android,1590904766863147008,2022-11-11T03:10:28.000Z,es,everyone,308771269,['1590904766863147008'],[],['https://twitter.com/DGrace__/status/1590779070287343617'],0,0,0,0,,2022-11-10 19:10:33.144924
False,RT @ravi05587876: Mercy to guilty #Feminist misusing #GenderBiasedLaws  #Fake #rape &amp; #498a against #Men is cruelty to innocent @KirenRijijâ€¦,Twitter for Android,1590904766871539712,2022-11-11T03:10:28.000Z,en,everyone,769455664766734336,['1590904766871539712'],"['Feminist', 'GenderBiasedLaws', 'Fake', 'rape', '498a', 'Men']",[],21,0,0,0,,2022-11-10 19:10:33.147506
False,RT @M1NHOFAIRY: ğŸ¾ https://t.co/7rRS4z2SPb,Twitter for Android,1590904766887997440,2022-11-11T03:10:28.000Z,und,everyone,1581069077711306755,['1590904766887997440'],[],['https://twitter.com/M1NHOFAIRY/status/1590821495110078464/video/1'],7,0,0,0,,2022-11-10 19:10:33.162060
False,çµå±€ã€ãƒ†ã‚¶ãƒªãƒ³ã‚°ã£ã¦ä»Šã«ãªã£ã¦ã‚‚ã ã‚ãªã¨ãã¯ã ã‚ã‚ˆãªâ€¦,Twitter for Android,1590904766867320837,2022-11-11T03:10:28.000Z,ja,everyone,93530972,['1590904766867320837'],[],[],0,0,0,0,,2022-11-10 19:10:33.189742
False,pois ele vai derrubar metade do twitter https://t.co/dPPRPWnNdQ,Twitter for Android,1590904766862950407,2022-11-11T03:10:28.000Z,pt,everyone,1187486457830752257,['1590904766862950407'],[],['https://twitter.com/choquei/status/1590887672972980224'],0,0,0,0,,2022-11-10 19:10:33.196690
False,@KAMBlNGHITAM besok ga si weekend e ğŸ§ğŸ§,Twitter for Android,1590904766871523328,2022-11-11T03:10:28.000Z,in,everyone,1292809331549716480,['1590904766871523328'],[],[],0,0,0,0,,2022-11-10 19:10:33.225347
False,RT @cat_auras: https://t.co/LHsiW9K4xy,Twitter Web App,1590904766867312646,2022-11-11T03:10:28.000Z,zxx,everyone,1246627923198726147,['1590904766867312646'],[],"['https://twitter.com/cat_auras/status/1590754404956659713/photo/1', 'https://twitter.com/cat_auras/status/1590754404956659713/photo/1']",28962,0,0,0,,2022-11-10 19:10:33.241285
False,@katsmit68760389 @DianeSare Nevermind itâ€™s in Spanish,Twitter for iPhone,1590904766879911936,2022-11-11T03:10:28.000Z,en,everyone,965549916972974080,['1590904766879911936'],[],[],0,0,0,0,,2022-11-10 19:10:33.262703
False,"ì•„ë¼ë˜ ì• ë“¤ì˜ ì£½ìŒì„ ëˆˆì•ì—ì„œ ëª©ê²©í•˜ë©´ ë­, ì•„ë¬´ë˜ë„ ì˜ˆì˜ëŠ” ì°¨ë ¤ì•¼í•˜ë‹ˆê¹Œ. ì•„ì´, ëˆˆì¹˜ ì—†ìœ¼ì‹œê¸´. í•˜ì´íŒŒì´ë¸Œ í•˜ìêµ¬. (ì—¬ì „íˆ ë“¤ê³  ìˆëŠ” ì±„ë¡œ ë‹¹ë‹¹)",twittbot.net,1590904766879526912,2022-11-11T03:10:28.000Z,ko,everyone,1563140205384994817,['1590904766879526912'],[],[],0,0,0,0,,2022-11-10 19:10:33.323349
True,"ç„¡è¦–ã›ã–ã‚‹ã‚’å¾—ã¬ç”ºãƒ»ç•ªå¤–ç·¨!ï½æ–°ä½œ7æœ¬ã‚»ãƒƒãƒˆé›†ï½ 
ã€ã‚ªã‚¹ã‚¹ãƒ¡åº¦ã€‘â˜…â˜…â˜…â˜…â˜…
ã€ã‚¨ãƒ­ã•ã€‘â˜…â˜…â˜…â˜…â˜…
ã€ã‚¯ã‚ªãƒªãƒ†ã‚£ã€‘â˜…â˜…â˜…â˜…â˜†
ã€ã‚³ã‚¹ãƒ‘ã€‘â˜…â˜…â˜…â˜…â˜†
https://t.co/qYHXHZearS #DLsite",twittbot.net,1590904771086815234,2022-11-11T03:10:29.000Z,ja,everyone,1271295059141386240,['1590904771086815234'],['DLsite'],['https://www.dlsite.com/maniax/dlaf/=/t/s/link/work/aid/zakoryuk0116/id/RJ357694.html'],0,0,0,0,,2022-11-10 19:10:33.811447
False,RT @GiJOE2538: à¸£à¹ˆà¸§à¸¡à¹€à¸›à¹‡à¸™à¹€à¸ˆà¹‰à¸²à¸šà¹‰à¸²à¸™à¸—à¸µà¹ˆà¸”à¸µ à¹€à¸à¸·à¹ˆà¸­à¸›à¸£à¸°à¹€à¸—à¸¨à¹„à¸—à¸¢à¸‚à¸­à¸‡à¹€à¸£à¸² à¸„à¸´à¸”à¸§à¹ˆà¸²à¸–à¹‰à¸²à¸„à¸¸à¸“à¹€à¸›à¹‡à¸™à¸„à¸™à¹„à¸—à¸¢à¹ƒà¸ˆà¹„à¸¡à¹ˆà¸Šà¸±à¸‡à¸Šà¸²à¸•à¸´ à¸„à¸‡à¸ à¸¹à¸¡à¸´à¹ƒà¸ˆà¸à¸±à¸šà¸‡à¸²à¸™à¸™à¸µà¹‰ #APEC2022 #Apec2022Thailand #â€¦,Twitter for Android,1590904771053252608,2022-11-11T03:10:29.000Z,th,everyone,2309766458,['1590904771053252608'],"['APEC2022', 'Apec2022Thailand']",[],40,0,0,0,,2022-11-10 19:10:33.847932
False,espero que botem uma gay que preste nessa e de preferÃªncia que seja bem conceitual fora do padrÃ£o https://t.co/qGAETkXMB5,Twitter for Android,1590904771061350400,2022-11-11T03:10:29.000Z,pt,everyone,1510381786051797003,['1590904771061350400'],[],['https://twitter.com/tracklist/status/1590771887021641729'],0,0,0,0,,2022-11-10 19:10:33.940412
False,RT @LePapillonBlu2: Watching republicans blame trump for fucking up the midterms is delicious. ğŸ¤£,Twitter for iPhone,1590904771090976768,2022-11-11T03:10:29.000Z,en,everyone,578769255,['1590904771090976768'],[],[],94,0,0,0,,2022-11-10 19:10:33.941812
True,RT @ImMeme0: @TPostMillennial @2ck https://t.co/ngXf0s8b4s,Twitter for iPhone,1590904771065569280,2022-11-11T03:10:29.000Z,qme,everyone,1472249329708580865,['1590904771065569280'],[],['https://twitter.com/ImMeme0/status/1590904219971727360/photo/1'],5,0,0,0,,2022-11-10 19:10:33.979773
False,"Already blinkered time trying to specialize myself.3-0
##ì§€êµ¬ì—ì„œë…„ì§€ì„±ì•„_í™˜ì˜í•´
https://t.co/InUtkye5b6
https://t.co/Qz9XWlcpoo",Twitter Web App,1590904771069681665,2022-11-11T03:10:29.000Z,en,everyone,1590903101082345472,['1590904771069681665'],['ì§€êµ¬ì—ì„œë…„ì§€ì„±ì•„_í™˜ì˜í•´'],"['https://twitter.com/i/spaces/1lDxLnblmRmGm', 'https://twitter.com/i/lists/1575509524169080840']",0,0,0,0,,2022-11-10 19:10:33.985213
False,"ã¦ã‚‹ã®ã‚’è¦‹ã‚‹ã®ã¯è‹¦ã—ã„ãªã€‚
ä½•ãŒçœŸå®Ÿã‹ã¯ã‚ã‹ã‚‰ã‚“ã‘ã©ã•ã€ã‚ã®æ¶™ã‚„è¨€è‘‰ã‚’å˜˜ã ã¨æ€ã„ãŸãã¯ãªã„ã‚ˆãªã€‚",Twitter for iPhone,1590904771078414336,2022-11-11T03:10:29.000Z,ja,everyone,1516030016794292237,['1590904771078414336'],[],[],0,0,0,0,,2022-11-10 19:10:33.991225
False,face the music,Twitter for Android,1590904771074215937,2022-11-11T03:10:29.000Z,en,everyone,1536089879519838208,['1590904771074215937'],[],[],0,0,0,0,,2022-11-10 19:10:33.992082
False,"The Family Man, Tanaav, Kaafir: Top OTT series set against the backdrop of Kashmir | The Times ofÂ India https://t.co/rsoWGzrW7P",WordPress.com,1590904771078144000,2022-11-11T03:10:29.000Z,en,everyone,1332941354586886144,['1590904771078144000'],[],['https://www.currentnewstv.com/the-family-man-tanaav-kaafir-top-ott-series-set-against-the-backdrop-of-kashmir-the-times-of-india/'],0,0,0,0,,2022-11-10 19:10:33.992582
False,"RT @cayetanaAT: A ver si la reforma deja margen para procesarlo a Ã©l.

â€”â€”â€”
SÃ¡nchez anuncia que maÃ±ana iniciarÃ¡ el trÃ¡mite para reformar elâ€¦",Twitter for Android,1590904771070025728,2022-11-11T03:10:29.000Z,es,everyone,1451084613590335493,['1590904771070025728'],[],[],690,0,0,0,,2022-11-10 19:10:33.993379
False,@PedroEvil86 ğŸ˜‚ğŸ˜‚ğŸ˜‚,Twitter for iPhone,1590904771069755393,2022-11-11T03:10:29.000Z,und,everyone,567326755,['1590904771069755393'],[],[],0,0,0,0,,2022-11-10 19:10:33.994305
False,@AkdemirCihan #NFTProject,Twitter for iPhone,1590904771057274881,2022-11-11T03:10:29.000Z,qme,everyone,941661412576940032,['1590904771057274881'],['NFTProject'],[],0,0,0,0,,2022-11-10 19:10:33.994796
False,å­«ã«ä¼šã„ãŸã„ãªã‚â€¦ã€‚ä¸¸ï¼‘å¹´é–“é¡”è¦‹ã¦ãªã„ã—ã€‚ãªã«ã‹å¥½ããªç‰©ã‚’ãŸãã•ã‚“è²·ã£ã¦ã‚ã’ãŸã„ã€‚(((o(*ï¾Ÿâˆ€ï¾Ÿ*)o))),Twitter for Android,1590904771082612736,2022-11-11T03:10:29.000Z,ja,everyone,1477917371407159297,['1590904771082612736'],[],[],0,0,0,0,,2022-11-10 19:10:33.995196
True,"RT @Flex_Emani: ğŸ–Sex on the beach wit  
Full video here @themasonblaze ğŸ’¦https://t.co/NUuZvbuWH9",Twitter for Android,1590904771061616642,2022-11-11T03:10:29.000Z,en,everyone,1581313234292047872,['1590904771061616642'],[],['https://twitter.com/TeskoMUSK/status/1578718909879967751/video/09'],1142,0,0,0,,2022-11-10 19:10:33.996618
False,"Microsoft Office Home and Business 2019(Â¥1,980)ãŒãƒ•ãƒªãƒã‚¢ãƒ—ãƒª ãƒ©ã‚¯ãƒã§è²©å£²ä¸­â™ª #rakuma #ãƒ©ã‚¯ãƒ https://t.co/mq6VS2N5M7
#Microsoft #Windows #ãƒ¡ãƒ«ã‚«ãƒªã€€#ã‚¢ãƒã‚¾ãƒ³ã€€#Amazon ã€€#ãƒ¤ãƒ•ã‚ªã‚¯",twittbot.net,1590904771053256704,2022-11-11T03:10:29.000Z,ja,everyone,1457545602095775744,['1590904771053256704'],"['rakuma', 'ãƒ©ã‚¯ãƒ', 'Microsoft', 'Windows', 'ãƒ¡ãƒ«ã‚«ãƒª', 'ã‚¢ãƒã‚¾ãƒ³', 'Amazon', 'ãƒ¤ãƒ•ã‚ªã‚¯']",['https://item.fril.jp/5967534beab24c2bad72bc9942b753f5'],0,0,0,0,,2022-11-10 19:10:33.997333
False,"RT @nonjam0307: ãƒ”ãƒ¼ãƒã‚¤ãŒã€ã‚¾ãƒ­ç›®ã€
ã£ã¦å–œã‚“ã§ã‚‹ğŸ˜
ä»Šæ—¥ã¯ã‚¾ãƒ­ç›®ã ã­ãƒ¼ğŸ’—

#JOCHUM
 #JO1 @official_jo1

https://t.co/EOmFTcq55x",Twitter for iPad,1590904771053236229,2022-11-11T03:10:29.000Z,ja,everyone,2300584992,['1590904771053236229'],"['JOCHUM', 'JO1']",['https://jochum.sanrio.co.jp/'],1,0,0,0,,2022-11-10 19:10:33.998850
False,RT @DGlaucomflecken: Hey @elonmusk I bet you canâ€™t buy United Healthcare,Twitter Web App,1590904771086614528,2022-11-11T03:10:29.000Z,en,everyone,153151390,['1590904771086614528'],[],[],1648,0,0,0,,2022-11-10 19:10:34.000935
False,"ã“ã‚“ã«ã¡ã¯ğŸ‘‹ã¨ã¦ã‚‚ãŠã—ã‚ƒã‚Œã€Œãƒ¬ãƒˆãƒ­ãƒã‚µãƒŸ(ãƒ¨ãƒ¼ãƒ­ãƒƒãƒ‘é¢¨)ã€‚æœªä½¿ç”¨ã€‚å³â€¦(1,000å††)ã€ã‚’
#PayPayãƒ•ãƒªãƒ ã§è²©å£²ä¸­ğŸ”–
https://t.co/yEy5JucN3x
ã€11/30ã¾ã§ã€‘ç´¹ä»‹ã‚³ãƒ¼ãƒ‰ã€Œ4KBUQGã€ã‚’ã‚¢ãƒ—ãƒªã§å…¥åŠ›ã™ã‚‹ã¨300å††åˆ†ãŠå¾—ã«è²·ãˆã‚‹ï¼â€»æ¡ä»¶ãƒ»ä¸Šé™ã‚ã‚Š
ã‚¢ãƒ—ãƒªã®ã‚¤ãƒ³ã‚¹ãƒˆãƒ¼ãƒ«ã¯ã“ã¡ã‚‰ã‹ã‚‰â¬‡
https://t.co/pG6KetQpvw",Twitter for Android,1590904771070025729,2022-11-11T03:10:29.000Z,ja,everyone,1192623872903745536,['1590904771070025729'],['PayPayãƒ•ãƒªãƒ'],"['https://paypayfleamarket.yahoo.co.jp/item/z177967012?cpt_s=payf&cpt_m=share&cpt_n=item&cpt_c=android', 'https://app.adjust.com/wwzkp2g']",0,0,0,0,,2022-11-10 19:10:34.003053
False,"RT @lottedfs_global: #LDFModelWeek #SUPERJUNIORWEEK
-
ë¡¯ë°ë©´ì„¸ì  X  SUPER JUNIOR
ì•ˆë³¸ ì‚¬ëŒì€ ìˆì–´ë„, í•œ ë²ˆë§Œ ë³¸ ì‚¬ëŒì€ ì—†ëŠ”
ì´¬ì˜ í˜„ì¥ ë¹„í•˜ì¸ë“œ ì»· ëŒ€ë°©ì¶œğŸ¥ğŸ“·

ì§€ê¸ˆ ë°”ë¡œ ë¡¯ë°ë©´ì„¸ì  ì¸ìŠ¤íƒ€ê·¸ë¨â€¦",Twitter for Android,1590904771091001344,2022-11-11T03:10:29.000Z,ko,everyone,912800919481458688,['1590904771091001344'],"['LDFModelWeek', 'SUPERJUNIORWEEK']",[],332,0,0,0,,2022-11-10 19:10:34.003709
False,@ca1127b1 âŠ‚(^(å·¥)^)âŠƒãƒ‡ã‚¹ğŸ’¦,Twitter for Android,1590904771086802944,2022-11-11T03:10:29.000Z,ja,everyone,1575789135599894528,['1590904771086802944'],[],[],0,0,0,0,,2022-11-10 19:10:34.004369
False,@Kristin46047736 Love is an ocean of emotions,Twitter for iPhone,1590904771074215938,2022-11-11T03:10:29.000Z,en,everyone,1579015625808248836,['1590904771074215938'],[],[],0,0,0,0,,2022-11-10 19:10:34.004864
False,RT @ArinaaAmaliaa: Inklusi Keuangan menjadi salah satu isu prioritas yang dibahas dalam sesi diskusi â€œPeran BUMN dalam memperluas Keuanganâ€¦,Twitter for Android,1590904771053248515,2022-11-11T03:10:29.000Z,in,everyone,1464499268492877830,['1590904771053248515'],[],[],2,0,0,0,,2022-11-10 19:10:34.005255
False,"@kumelong 
ã”å¿œå‹Ÿã‚ã‚ŠãŒã¨ã†ã”ã–ã„ã¾ã™ï¼
ã‚¹ã‚¤ãƒ¼ãƒ„ã§ãƒãƒ¼ãƒ”ã‚ï¼11/16ã¾ã§ä½¿ãˆã‚‹ã€Œã‚¦ãƒã‚«ãƒ•ã‚§ã‚¹ã‚¤ãƒ¼ãƒ„å„ç¨®20å††å¼•åˆ¸ã€ã‚’å·®ã—ä¸Šã’ã¾ã™ã€‚â€»ã‚¦ãƒã‚«ãƒ•ã‚§ãƒ­ã‚´ã®ã‚ã‚‹ãƒ‡ã‚¶ãƒ¼ãƒˆãŒå¯¾è±¡ã€‚ã‚¢ã‚¤ã‚¹ã€ãƒãƒ«ãƒ‰ã‚«ãƒƒãƒ—ãƒ‰ãƒªãƒ³ã‚¯ã€äºˆç´„å•†å“ã¯å¯¾è±¡å¤–
ã‚¯ãƒ¼ãƒãƒ³ã®ä½¿ã„æ–¹:https://t.co/pNhS5VSHxF #ãƒ­ãƒ¼ã‚½ãƒ³ https://t.co/n2m0P3TvSu",BelugaCampaignSEA,1590904771053260800,2022-11-11T03:10:29.000Z,ja,everyone,1145953772952150016,['1590904771053260800'],['ãƒ­ãƒ¼ã‚½ãƒ³'],"['https://bit.ly/2z3eOoF?ts=20221111121029', 'https://twitter.com/japan_lawson/status/1590904771053260800/photo/1']",0,0,0,0,,2022-11-10 19:10:34.007784
False,https://t.co/ZuXbYP2rDI,Twitter for Android,1590904771086811136,2022-11-11T03:10:29.000Z,zxx,everyone,1379223090870165509,['1590904771086811136'],[],['https://vm.tiktok.com/ZSR3nHdMG/'],0,0,0,0,,2022-11-10 19:10:34.014843
False,â¤ï¸â€ğŸ”¥â¤ï¸â€ğŸ”¥â¤ï¸â€ğŸ”¥â¤ï¸â€ğŸ”¥ https://t.co/jFq8B9GOpX,Twitter for iPhone,1590904771070005249,2022-11-11T03:10:29.000Z,und,everyone,1475228535237263367,['1590904771070005249'],[],['https://open.spotify.com/track/3pW1qBzFCJu2CfYHchxmiS?si=Xhe9lezWRJWeZi_DVNiADQ&context=spotify%3Aalbum%3A1mFBBKRgRpHYJHHlr6wGMj'],0,0,0,0,,2022-11-10 19:10:34.017105
False,"RT @VR10088: $60 â€¢ 48 hours - Rt

Follow 
@melovmealot 
@aqueatic 
@pipodelyth 
@skwgmi",Twitter for Android,1590904771082584064,2022-11-11T03:10:29.000Z,en,everyone,1479285191076057088,['1590904771082584064'],[],[],5607,0,0,0,,2022-11-10 19:10:34.021729
False,@ObiObliteration I GOTCHU ğŸ«‚,Twitter for iPhone,1590904771078389760,2022-11-11T03:10:29.000Z,en,everyone,1240901956878708737,['1590904771078389760'],[],[],0,0,0,0,,2022-11-10 19:10:34.025894
False,@oyuchi åä¸‰æ„Ÿè¬é˜²è¡›åœï¼,Twitter for iPhone,1590904771053248512,2022-11-11T03:10:29.000Z,ja,everyone,53607452,['1590904771053248512'],[],[],0,0,0,0,,2022-11-10 19:10:34.026456
False,I'vee beenn seeing thiss projectt on my timeline consistentt lately..  @5efeaaf0983547b @zinorecipe @GyroCryptoCoCo @ma5654465 @luckych03501071 @hsamkhlyfh6 @SyarifFudien7 @ohadbennaim3 @juana_uvalle @ThorneTran https://t.co/REDzMgwc5N,Twitter Web App,1590904771052851201,2022-11-11T03:10:29.000Z,en,everyone,1574437564236308483,['1590904771052851201'],[],['https://twitter.com/ensdomaln/status/1590781083116658688'],0,0,0,0,,2022-11-10 19:10:34.033493
False,sono tan coqueteo igual cuando le dije que nunca terminamos tipo ahahah sexy don't be afraid https://t.co/0U6oR4Eo4G,Twitter for Android,1590904771090972674,2022-11-11T03:10:29.000Z,es,everyone,1482226941235187712,['1590904771090972674'],[],['https://twitter.com/angelfiqued/status/1590904771090972674/photo/1'],0,0,0,0,,2022-11-10 19:10:34.035463
False,"RT @LP8_PR: â—¸ã€€ã‚­ãƒ¼ãƒ¯ãƒ¼ãƒ‰ #è¼¸è¡€ã—ãŸã‚‰ã©ã†ãªã‚‹ã€€â—¿
#èŠæ‘è£•å ãŒæãã€13äººãã‚Œãã‚Œã®ï¼œã‚ã‚‹å¤ã®æ—¥ï¼
ã‚¸ãƒ¥ãƒ–ãƒŠã‚¤ãƒ«RPGã€LOOP8ã€
å®Œå…¨æ›¸ãä¸‹ã‚ã—WEBå°èª¬ã€ŒA Summer Dayã€ã‚’èª­ã¿è§£ãã‚­ãƒ¼ãƒ¯ãƒ¼ãƒ‰

ğŸ“™https://t.co/stxs316Q7pâ€¦",Twitter for iPhone,1590904771082588161,2022-11-11T03:10:29.000Z,ja,everyone,407176654,['1590904771082588161'],"['è¼¸è¡€ã—ãŸã‚‰ã©ã†ãªã‚‹', 'èŠæ‘è£•å']",['https://loop8.marv.jp/novel/?utm_source=officialtwitter&utm_medium=social&utm_campaign=tweetn'],4,0,0,0,,2022-11-10 19:10:34.036052
False,"RT @SportsHochi: ã€Œç¾½ç”Ÿçµå¼¦ãƒ•ã‚§ã‚¤ãƒãƒªãƒƒãƒˆã‚«ãƒ¬ãƒ³ãƒ€ãƒ¼2023ã€
ç™ºå£²ä¸­ã§ã™

ç¾½ç”Ÿçµå¼¦ã•ã‚“ã®å†™çœŸ232ç‚¹ã®ä¸­ã‹ã‚‰
å¥½ããªå†™çœŸã‚’è‡ªåˆ†ã§é¸ã³
ã‚ªãƒªã‚¸ãƒŠãƒ«ã‚«ãƒ¬ãƒ³ãƒ€ãƒ¼ã‚’ä½œæˆã—è³¼å…¥ã§ãã¾ã™
 
è³¼å…¥æ–¹æ³•ãªã©è©³ã—ãã¯ã“ã¡ã‚‰
https://t.co/svbc2DD5MU
#â€¦",Twitter for iPhone,1590904771061616640,2022-11-11T03:10:29.000Z,ja,everyone,860836358314614785,['1590904771061616640'],[],['https://prtimes.jp/main/html/rd/p/000000248.000071317.html'],96,0,0,0,,2022-11-10 19:10:34.045173
True,RT @its_prettygirls: âœ¨ à¦¬à¦¾à¦—à¦¾à¦¨à¦¿ https://t.co/TWUq3aCmJo,Twitter for Android,1590904771082211328,2022-11-11T03:10:29.000Z,bn,everyone,1457607197446266882,['1590904771082211328'],[],['https://twitter.com/2Hearts_1S0ul/status/1590260538612670464/video/1'],292,0,0,0,,2022-11-10 19:10:34.046626
False,RT @angiewolfartist: https://t.co/oT8rBpeH7b,Twitter for Android,1590904771082596352,2022-11-11T03:10:29.000Z,zxx,everyone,1340756494078398465,['1590904771082596352'],[],['https://twitter.com/angiewolfartist/status/1582896965217837056/photo/1'],837,0,0,0,,2022-11-10 19:10:34.047571
False,"RT @daiginjo: #æ–°å®¿åŒºé•·é¸æŒ™ã€€ã«ç«‹å€™è£œã—ã¦ã„ã‚‹æ–¹
ãƒ»ãƒ©ãƒ–ãƒ©ã‚¤ãƒ–ã‚³ãƒ©ãƒœã¯å•é¡Œ
ãƒ»æœˆæ›œæ—¥ã®ãŸã‚ã‚åºƒå‘Šã¯å•é¡Œ
ãƒ»VTuberäº¤é€šå®‰å…¨å‹•ç”»ã«æŠ—è­°ã—ãŸãƒ•ã‚§ãƒŸè­°é€£æ‰€å±
ãƒ»é›»ç£æ³¢ã®äººä½“ã¸ã®å½±éŸ¿ã¯å•é¡Œ
ã¨ã„ã†å®Ÿç¸¾ã«è§¦ã‚Œãšã€Œæ–‡åŒ–èŠ¸è¡“æŒ¯èˆˆãƒ»è¡¨ç¾ã®è‡ªç”±ã€ã‚’æ”¿ç­–ã«æ²ã’ã‚‹ã®ã€ã‚ã‚“ã¾ã‚Šã§ã—ã‚‡â€¦",Twitter for iPhone,1590904771074207744,2022-11-11T03:10:29.000Z,ja,everyone,841671974686412801,['1590904771074207744'],['æ–°å®¿åŒºé•·é¸æŒ™'],[],686,0,0,0,,2022-11-10 19:10:34.057549
False,"RT @Big__Derah: Istg Special sweet pass Balance, wtfğŸ˜­",Twitter for iPhone,1590904771082272768,2022-11-11T03:10:29.000Z,en,everyone,1164246947005390850,['1590904771082272768'],[],[],106,0,0,0,,2022-11-10 19:10:34.058848
False,"RT @phghai1390: #TEMPEST #í…œí˜ìŠ¤íŠ¸ #BONBIN ğŸŒ»ğŸ¶
#í•œë¹ˆ #HANBIN #í˜ #HYUK https://t.co/9nEsvIMHk8",Twitter for Android,1590904771090993152,2022-11-11T03:10:29.000Z,und,everyone,1580400473185480704,['1590904771090993152'],"['TEMPEST', 'í…œí˜ìŠ¤íŠ¸', 'BONBIN', 'í•œë¹ˆ', 'HANBIN', 'í˜', 'HYUK']",['https://twitter.com/phghai1390/status/1590712004435902465/photo/1'],33,0,0,0,,2022-11-10 19:10:34.062282
False,"RT @Georgea44641568: https://t.co/ONvMtf3Dnk
ğ•¸ğ– ğ–œğ–ğ–‹ğ–Š ğ–‘ğ–”ğ–›ğ–Šğ–˜ ğ–ˆğ–†ğ–—ğ–˜, 
##ì§€êµ¬ì—ì„œë…„ì§€ì„±ì•„_í™˜ì˜í•´ https://t.co/kGeXzy1Fd1",Twitter for iPhone,1590904771052830720,2022-11-11T03:10:29.000Z,en,everyone,1585277974609289216,['1590904771052830720'],['ì§€êµ¬ì—ì„œë…„ì§€ì„±ì•„_í™˜ì˜í•´'],"['https://twitter.com/i/spaces/1lPJqBPeXeExb', 'https://twitter.com/Georgea44641568/status/1590904696755355648/photo/1']",40,0,0,0,,2022-11-10 19:10:34.131570
False,"RT @AmrkiSingh: àª•àª¬à«€àª° àª¸àª¾àª¹à«‡àª¬à«‡ àªœ àª¸à«Œàª¥à«€ àªªàª¹à«‡àª²àª¾àª‚ àª¬àª¤àª¾àªµà«àª¯à«àª‚ àª•à«‡ àª¬à«àª°àª¹à«àª®àª¾, àªµàª¿àª·à«àª£à« àª¤àª¥àª¾ àª¶àª¿àªµàªœà«€ àª¤à«àª°àª£ àª²à«‹àª•àª¨àª¾ àª­àª—àªµàª¾àª¨ àª›à«‡, àª…àªµàª¿àª¨àª¾àª¶à«€ àªªàª°àª®àª¾àª¤à«àª®àª¾ àª¨àª¥à«€. àª¤à«‡àª®àª¨à«àª‚ àªªàª£ àªœàª¨à«àª®â€¦",Twitter for Android,1590904771070021633,2022-11-11T03:10:29.000Z,gu,everyone,1526806632319315968,['1590904771070021633'],[],[],444,0,0,0,,2022-11-10 19:10:34.138980
False,"RT @AzamKhanSwatiPk: Gen. Bajwa Sb
The entire Nation knows by now, the extent of Extrajudicial Punishment given to me while addressing youâ€¦",Twitter for Android,1590904771061641216,2022-11-11T03:10:29.000Z,en,everyone,1546430305145421824,['1590904771061641216'],[],[],18140,0,0,0,,2022-11-10 19:10:34.151693
False,"RT @rafalougon: TransiÃ§Ã£o de Lula x Bolsonaro

(2022) TransiÃ§Ã£o de Lula tem representantes de 12 partidos e 50 cargos remunerados (maioriaâ€¦",Twitter for Android,1590904771061616643,2022-11-11T03:10:29.000Z,pt,everyone,1040217884176404480,['1590904771061616643'],[],[],397,0,0,0,,2022-11-10 19:10:34.180378
False,"@COOLDEE802 @LazzysLilLake @UberFacts Just accept it 

We was females at one point https://t.co/ErBoY6DEra",Twitter for Android,1590904771091005441,2022-11-11T03:10:29.000Z,en,everyone,1571586764,['1590904771091005441'],[],['https://twitter.com/MarcelloTweetz/status/1590904771091005441/photo/1'],0,0,0,0,,2022-11-10 19:10:34.182241
False,@Jasmine28699432 ã”é£¯ã¯ãƒ‹ã‚³ãƒ«ç”¨ã®ç™‚é¤Šé£Ÿã¯ã¾ã ã‚ã‚‹ã¨ã®ã“ã¨ãªã®ã§å¤§ä¸ˆå¤«ãã†ã§ã™ğŸ™†â€â™‚ï¸,Twitter for iPhone,1590904775285309441,2022-11-11T03:10:30.000Z,ja,everyone,1246337166,['1590904775285309441'],[],[],0,0,0,0,,2022-11-10 19:10:34.978721
False,RT @BenjaminCrew1: https://t.co/GRnv4km6xx,Twitter for iPhone,1590904771082346503,2022-11-11T03:10:29.000Z,zxx,everyone,40931254,['1590904771082346503'],[],"['https://twitter.com/BenjaminCrew1/status/1590789382583521280/photo/1', 'https://twitter.com/BenjaminCrew1/status/1590789382583521280/photo/1', 'https://twitter.com/BenjaminCrew1/status/1590789382583521280/photo/1', 'https://twitter.com/BenjaminCrew1/status/1590789382583521280/photo/1']",862,0,0,0,,2022-11-10 19:10:34.987313
False,RT @Bophiee: babe wake up they dropped the stardew valley drip,Twitter for Android,1590904775251750913,2022-11-11T03:10:30.000Z,en,everyone,1488249049,['1590904775251750913'],[],[],204,0,0,0,,2022-11-10 19:10:34.990423
False,"ğŸ’ã‚¿ã‚¤ãƒ€ã‚¤ãƒ¤ãƒ¢ãƒ³ãƒ‰ğŸ’
ã‚¿ã‚¤å¤å¼ãƒãƒƒã‚µãƒ¼ã‚¸ğŸ‡¹ğŸ‡­ ä¸Šé‡
2022/11/11

ğŸŒºTwitterã‚­ãƒ£ãƒ³ãƒšãƒ¼ãƒ³ğŸŒº
ãƒ—ãƒ¬ãƒŸã‚¢ãƒŸã‚¢ãƒ ã‚³ãƒ¼ã‚¹
60åˆ†ã€€8000å††ã€€
70åˆ†ã€€9000å††
100åˆ†12000å††
130åˆ†16000å††ã€€
https://t.co/BS7jKUuzE9
ğŸ“ 03-6284-3737, 070-31297507 https://t.co/5zsRn7PEZI",Twitter for iPhone,1590904771074232325,2022-11-11T03:10:29.000Z,ja,everyone,1442294236695523336,['1590904771074232325'],[],"['http://ueno-diamond.com', 'https://twitter.com/Thaidiamond103/status/1590904771074232325/photo/1', 'https://twitter.com/Thaidiamond103/status/1590904771074232325/photo/1', 'https://twitter.com/Thaidiamond103/status/1590904771074232325/photo/1', 'https://twitter.com/Thaidiamond103/status/1590904771074232325/photo/1']",0,0,0,0,,2022-11-10 19:10:34.991423
False,@_badnewseagIes @All Bad News Eagles anouncement!  @Diego50658555 @heitorsfg_ @MKeiji__ @SmigginsTV @moaojarco @k0da_gg @tadeudell @KervenCaldeira @pablo_putim @Erick_SilCh,Twitter Web App,1590904771065835522,2022-11-11T03:10:29.000Z,en,everyone,1270148570830831617,['1590904771065835522'],[],[],0,0,0,0,,2022-11-10 19:10:34.992658
False,"@LoeChloe14 @GHOSTLYGHOULZZZ Sabia que tu tinha fetiche nisso, deplorÃ¡vel",Twitter for Android,1590904775281086465,2022-11-11T03:10:30.000Z,pt,everyone,1460328202476392452,['1590904775281086465'],[],[],0,0,0,0,,2022-11-10 19:10:34.997003
False,@_badnewseagIes @All done!!!  @DanielM27741741 @LASTDANCISTA @GuGeladuh @0dan1dan2dan @Felipe_caeta @Brun1H @playonwiill @Bruno71893336 @Simcatti @pensitivee,Twitter Web App,1590904775260143617,2022-11-11T03:10:30.000Z,en,everyone,884014911084523520,['1590904775260143617'],[],[],0,0,0,0,,2022-11-10 19:10:34.999691
False,RT @Traviesaababyy: Can I twerk on your dickğŸ¥°ğŸ’¦ğŸ«¶ğŸ»ğŸ¤“ https://t.co/agvw24EdSx,Twitter for Android,1590904775264317441,2022-11-11T03:10:30.000Z,en,everyone,1275341353661202433,['1590904775264317441'],[],['https://twitter.com/Traviesaababyy/status/1590902530472824834/video/1'],13,0,0,0,,2022-11-10 19:10:35.006854
False,RT @Touyarokii: Flirty Arezu ğŸ˜³âœ¨ #Pokemon https://t.co/I9ZNch7QAw,Twitter for iPhone,1590904775247532032,2022-11-11T03:10:30.000Z,en,everyone,1956479258,['1590904775247532032'],['Pokemon'],['https://twitter.com/Touyarokii/status/1590751173161914368/photo/1'],1247,0,0,0,,2022-11-10 19:10:35.008909
False,ã‚‚ã‰ã€œãŠã‚‚ã‚éãã‚‹ã£ã¦ã€ã€ã€RT,Twitter for iPhone,1590904775260135424,2022-11-11T03:10:30.000Z,ja,everyone,950340738151153664,['1590904775260135424'],[],[],0,0,0,0,,2022-11-10 19:10:35.009983
False,"RT @artisthopper: Edward Hopper, The Lonely House, 1923 #edwardhopper https://t.co/zzaPeM5phT https://t.co/FXlvFQ3Pbp",Twitter for Android,1590904775263981569,2022-11-11T03:10:30.000Z,en,everyone,538401157,['1590904775263981569'],['edwardhopper'],"['https://www.harvardartmuseums.org/collections/object/299975', 'https://twitter.com/artisthopper/status/1590901438690955264/photo/1']",8,0,0,0,,2022-11-10 19:10:35.010922
False,@sengyou8192 æœ¬å½“ã ã‹ã‚‰ã ã€‚,Twitter for iPhone,1590904775264337921,2022-11-11T03:10:30.000Z,ja,everyone,1533785502511677441,['1590904775264337921'],[],[],0,0,0,0,,2022-11-10 19:10:35.015988
False,RT @a_s_zabihpoor: Û· ØµØ¨Ø­ Ø§Ø² Ø¨Ø§Ø²Ø§Ø± Ø¨ÙˆÙ…Ù‡Ù† ÙÛŒÙ„Ù… Ú¯Ø±ÙØªÛŒÙ… Ø¨Ù‡ Ù†Ø§Ù… Ø§Ø¹ØªØµØ§Ø¨ Ø¨Ø§Ø²Ø§Ø±ÛŒØ§Ù† Ú©Ø§Ù…ÛŒØ§Ø±Ø§Ù† Ø¯Ø§Ø¯ÛŒÙ… Ø¨ÛŒ Ø¨ÛŒ Ø³ÛŒ Ùˆ Ø§ÛŒÙ†ØªØ±Ù†Ø´Ø§Ù„ ØŒ Ø§ÙˆÙ†Ø§ Ù‡Ù… Ø°ÙˆÙ‚ Ú©Ø±Ø¯Ù† Ù¾Ø®Ø´ Ú©Ø±Ø¯Ù†â€¦,Twitter for Android,1590904775263940608,2022-11-11T03:10:30.000Z,fa,everyone,1515322016575987719,['1590904775263940608'],[],[],658,0,0,0,,2022-11-10 19:10:35.016764
False,à¤¯à¥‡ à¤¤à¥‹ à¤¶à¤¿à¤•à¥à¤·à¤¿à¤¤ à¤µà¤¾à¤²à¤¾ à¤Ÿà¥‰à¤ª à¤•à¤¾ ha@mi à¤¨à¤¿à¤•à¤²à¤¾ https://t.co/RHKWs1Mjvp,Twitter for Android,1590904775281082368,2022-11-11T03:10:30.000Z,hi,everyone,1283332158375882752,['1590904775281082368'],[],['https://twitter.com/pradip103/status/1590692869207379968'],0,0,0,0,,2022-11-10 19:10:35.018094
False,"@YutaisThreek ãŠã¯ã‚ˆï¼
ã‚†ãƒ¼ãŸã•ã‚“ä»Šæœˆã¯ä¼šãˆãã†ï¼ŸğŸ¥º",Twitter for iPhone,1590904775272726529,2022-11-11T03:10:30.000Z,ja,everyone,1506922934144999430,['1590904775272726529'],[],[],0,0,0,0,,2022-11-10 19:10:35.018772
False,From day one Mitch McConnell said he didnâ€™t think we could win the senate because we had weak candidates.  He tried to sabotage it from the beginning.,Twitter for iPhone,1590904775255928834,2022-11-11T03:10:30.000Z,en,everyone,1493999881136054274,['1590904775255928834'],[],[],0,0,0,0,,2022-11-10 19:10:35.022500
False,"Let it ever be remembered that genuine f

 https://t.co/iHQ2aMWBTU",Twitter for iPhone,1590904775268339714,2022-11-11T03:10:30.000Z,en,everyone,1585101424588996612,['1590904775268339714'],[],['https://twitter.com/Ceola34469583/status/1590904755232346117'],0,0,0,0,,2022-11-10 19:10:35.023196
False,@yonakahiruma ãƒ¨ãƒŠãƒ–ãƒ³ã¯ã‚»ãƒ³ã‚¹ã®å¡Šã§ã—ãŸã‚ˆğŸ«¢,Twitter for iPhone,1590904775251746816,2022-11-11T03:10:30.000Z,ja,everyone,2536767390,['1590904775251746816'],[],[],0,0,0,0,,2022-11-10 19:10:35.023924
False,RT @PHATI0: à¸­à¸¢à¸²à¸à¹ƒà¸«à¹‰à¹€à¸à¸ˆà¸ªà¸¹à¹‰à¸”à¸´à¸§à¸°à¹€à¸›à¹‡à¸™à¹€à¸„à¸£à¸·à¹ˆà¸­à¸‡à¹€à¸•à¸·à¸­à¸™à¹ƒà¸ˆà¹ƒà¸«à¹‰à¸„à¸™à¸§à¸±à¸¢à¸£à¸¸à¹ˆà¸™à¸‚à¸¶à¹‰à¸™à¸œà¸¹à¹‰à¹ƒà¸«à¸à¹ˆà¹ƒà¸ªà¹ˆà¹ƒà¸ˆà¸ªà¸¸à¸‚à¸ à¸²à¸à¹€à¸¥à¸¢à¸­à¹ˆà¸° à¸„à¸·à¸­à¹€à¸ˆà¹‰à¸²à¸‚à¸­à¸‡à¹€à¸à¸ˆà¸­à¸²à¸¢à¸¸à¹à¸„à¹ˆ 28 à¹€à¸›à¹‡à¸™à¸„à¸¸à¸“à¸«à¸¡à¸­ à¸šà¸¸à¸«à¸£à¸µà¹ˆà¹„à¸¡à¹ˆà¸ªà¸¹à¸š à¹€à¸«â€¦,Twitter for iPhone,1590904775272726528,2022-11-11T03:10:30.000Z,th,everyone,1430520437880983559,['1590904775272726528'],[],[],76271,0,0,0,,2022-11-10 19:10:35.028136
False,RT @AYW_SM_UP: #à¤—à¤‚à¤¦à¤—à¥€_à¤¹à¤Ÿà¤¾à¤“_à¤à¤¾à¤¡à¤¼à¥‚_à¤šà¤²à¤¾à¤“ à¤ªà¤¦à¤¯à¤¾à¤¤à¥à¤°à¤¾ à¤®à¥‡à¤‚ à¤¶à¤¾à¤®à¤¿à¤² à¤¹à¥‹à¤¨à¥‡ à¤•à¥‡ à¤²à¤¿à¤ à¤¶à¤¾à¤¹à¤œà¤¹à¤¾à¤‚à¤ªà¥à¤° à¤ªà¤¹à¥à¤‚à¤šà¥‡ à¤¨à¤—à¤° à¤¨à¤¿à¤•à¤¾à¤¯ à¤šà¥à¤¨à¤¾à¤µ à¤¸à¤®à¤¿à¤¤à¤¿ à¤…à¤§à¥à¤¯à¤•à¥à¤· @SabhajeetAAP à¤œà¥€ à¤•à¤¾ à¤°à¥â€¦,Twitter Web App,1590904775285276672,2022-11-11T03:10:30.000Z,hi,everyone,1581925428079390720,['1590904775285276672'],['à¤—à¤‚à¤¦à¤—à¥€_à¤¹à¤Ÿà¤¾à¤“_à¤à¤¾à¤¡à¤¼à¥‚_à¤šà¤²à¤¾à¤“'],[],26,0,0,0,,2022-11-10 19:10:35.030133
False,@fpassos1964 A COPEL Ã© NOSSA,Twitter for Android,1590904775268499456,2022-11-11T03:10:30.000Z,pt,everyone,1559982154460839936,['1590904775268499456'],[],[],0,0,0,0,,2022-11-10 19:10:35.030796
False,RT @rtwngsavages: @elonmusk https://t.co/z7uD5ibIdK,Twitter Web App,1590904775272693762,2022-11-11T03:10:30.000Z,qme,everyone,35809936,['1590904775272693762'],[],['https://twitter.com/rtwngsavages/status/1590747214384889856/photo/1'],67,0,0,0,,2022-11-10 19:10:35.032071
False,RT @roxmo: Puta cÃ­nico! Vigarista exercendo a vigarice! Como se ninguÃ©m passasse fome durante os 16 anos de PT! Seu programa Fome Zero foiâ€¦,Twitter for iPhone,1590904775251562497,2022-11-11T03:10:30.000Z,pt,everyone,1565495814419521537,['1590904775251562497'],[],[],3590,0,0,0,,2022-11-10 19:10:35.035388
False,https://t.co/BcYt3ZmUec https://t.co/XiigL1jDCV,Twitter for iPhone,1590904775272300544,2022-11-11T03:10:30.000Z,zxx,everyone,839295780934545408,['1590904775272300544'],[],"['https://twitter.com/moreofnia/status/1590904775272300544/photo/1', 'https://twitter.com/janiorbrue/status/1590522381696892928']",0,0,0,0,,2022-11-10 19:10:35.036382
False,@ZePassini @KTO_brasil Espero q ele fique mais uma temporada pelo menos. P podermos ver o melhor do jeffinho.,Twitter for iPhone,1590904775251755008,2022-11-11T03:10:30.000Z,pt,everyone,194330770,['1590904775251755008'],[],[],0,0,0,0,,2022-11-10 19:10:35.037494
False,"RT @cheang_lin: TÃ¼rkiye, sessiz ve #buca bayilerinin dikkatli daha Ä°ddaa daha calÄ±ÅŸÄ±ldÄ±gÄ± kÃ¼tÃ¼phanelerden Ã¼lkedir bir https://t.co/1hwPuzIrâ€¦",Twitter for iPhone,1590904775272321024,2022-11-11T03:10:30.000Z,tr,everyone,1588422596651061248,['1590904775272321024'],['buca'],[],39,0,0,0,,2022-11-10 19:10:35.042816
False,"ã€äº¤æ›ãƒ»è²·å–ã€‘ã‚¢ã‚¤ãƒ‰ãƒªãƒƒã‚·ãƒ¥ã‚»ãƒ–ãƒ³ ã‚¢ã‚¤ãƒŠãƒŠ ãƒŠãƒ³ã‚¸ãƒ£ ãƒãƒ¼ãƒ ãƒãƒƒã‚¸

è­²ã€‹å„680å††

æ±‚ã€‹ãƒãƒ¼ãƒ ãƒãƒƒã‚¸ã‚³ãƒ¬ã‚¯ã‚·ãƒ§ãƒ³
å£®äº”ãƒ»ç’°ãƒ»å¤©ãƒ»é™¸(å‹äººç”¨)

å„1ï½2å€‹æ±‚ã‚ã¦ã¾ã™ã€‚
ãŸã ã„ã¾ãƒŠãƒ³ã‚¸ãƒ£ã‚¿ã‚¦ãƒ³å†…ã«ãŠã‚Šã¾ã™ã€‚å®œã—ããŠé¡˜ã„è‡´ã—ã¾ã™ã€‚",Twitter for Android,1590904775251726336,2022-11-11T03:10:30.000Z,ja,everyone,3324177205,['1590904775251726336'],[],[],0,0,0,0,,2022-11-10 19:10:35.043453
False,@0xJkv17 @0xJkv17,Twitter for Android,1590904775264309249,2022-11-11T03:10:30.000Z,qam,everyone,1470715754912034820,['1590904775264309249'],[],[],0,0,0,0,,2022-11-10 19:10:35.043978
False,RT @OzraSarvi: Åirinevler niye  Bir direksiyondaki BakÄ±rkÃ¶y GÃ¼ngÃ¶ren Merter MecidiyekÃ¶y degiÅŸti Taksim BayrampaÅŸa aklÄ±mÄ±zla sen Ä”ÅšÄŒÅÅ”Å¤ unutâ€¦,Twitter for iPhone,1590904775247204352,2022-11-11T03:10:30.000Z,tr,everyone,1588384854109986816,['1590904775247204352'],[],[],39,0,0,0,,2022-11-10 19:10:35.050543
False,@hxneytae DESERVED,Twitter for iPhone,1590904775260131328,2022-11-11T03:10:30.000Z,en,everyone,1118330439272468480,['1590904775260131328'],[],[],0,0,0,0,,2022-11-10 19:10:35.061900
False,"Welcome, new friends @TheBr0keBr0ker @apostolosaktypi @harrisonmona12 @SharonA11395483 @sorinavoicu1 @paavonousiainen @RadoaneRaulx @Calidoescrypto @sahar_eshghis @AlexandreNievas @AhmetYacolu5 @JafariJ67104435 @William21545646 @Fmcezar @GiuseppeBuonann @csstraders https://t.co/8hMOjQBNEz",Twitter Web App,1590904775268536320,2022-11-11T03:10:30.000Z,en,everyone,1589684670328963074,['1590904775268536320'],[],['https://twitter.com/TrustPadChain/status/1590896537776795649'],0,0,0,0,,2022-11-10 19:10:35.086529
False,RT @BossC_Official: à¸‚à¸­à¸„à¸±à¹ˆà¸™à¹‚à¸¡à¹€à¸¡à¹‰à¸™à¸—à¹Œà¹€à¸¥à¹‡à¸à¹†à¸‚à¸­à¸‡à¸à¸µà¹ˆà¸à¸²à¸¢à¸¸à¸à¸±à¸šà¹€à¸£à¸™ à¸„à¸£à¸´à¸„à¸£à¸´  #LoveinTheAirFinale https://t.co/T1z2Uk9S29,Twitter for iPhone,1590904775285309440,2022-11-11T03:10:30.000Z,th,everyone,1273149578704019457,['1590904775285309440'],['LoveinTheAirFinale'],['https://twitter.com/BossC_Official/status/1590750792742735872/video/1'],397,0,0,0,,2022-11-10 19:10:35.092478
True,"RT @togsi7: å·¨ä¹³æœ€é«˜

æ°´åœã•ãã‚‰MOODYZ12ä½œå“BEST https://t.co/EQLPdLShTY",Twitter for Android,1590904775255928833,2022-11-11T03:10:30.000Z,ja,everyone,1483781086740361217,['1590904775255928833'],[],['https://twitter.com/togsi7/status/1590706129801474049/video/1'],4,0,0,0,,2022-11-10 19:10:35.096835
False,. https://t.co/YMoa2xJPw3,Twitter for Android,1590904775281094658,2022-11-11T03:10:30.000Z,qst,everyone,1011057186099916801,['1590904775281094658'],[],['https://twitter.com/textospace/status/1590846766714212352'],0,0,0,0,,2022-11-10 19:10:35.109541
False,RT @PedroRonchi2: Os pobres jÃ¡ estÃ£o sabendo que a equipe do Lula no Congresso tÃ¡ lutando para manter o auxÃ­lio de 600 reais enquanto os poâ€¦,Twitter for Android,1590904775272714241,2022-11-11T03:10:30.000Z,pt,everyone,1373018419776344070,['1590904775272714241'],[],[],5981,0,0,0,,2022-11-10 19:10:35.123386
False,"@papimimico wwwé€šçŸ¥è¦‹ã¡ã‚ƒã£ãŸğŸ¤£
(âƒ” *`àµ§Ì‘ Â´ * )âƒ•â†ï¾‹ï½¯ï¾‹ï½¯ï¾‹ï½°",Twitter for iPhone,1590904775251746817,2022-11-11T03:10:30.000Z,ja,everyone,1120348335343161344,['1590904775251746817'],[],[],0,0,0,0,,2022-11-10 19:10:35.124348
False,You could have just waited until tomorrow when you know for sure you'll see me. Or you could have just told me what tf you wanted to meet about in the email. What's up with people and these cryptic ass messages. This is a job. Tell me what you want. The fuck.,Twitter Web App,1590904775251746818,2022-11-11T03:10:30.000Z,en,everyone,264575268,['1590904775251746818'],[],[],0,0,0,0,,2022-11-10 19:10:35.125304
False,"@52_Youbun å¼·ãã†
ã‚„ã£ã¦ã¿ã‚‹ã‹",Twitter for iPhone,1590904775255937024,2022-11-11T03:10:30.000Z,ja,everyone,527450081,['1590904775255937024'],[],[],0,0,0,0,,2022-11-10 19:10:35.149443
False,"RT @LaliceUpdates: (190424) Lisa Solo Swalla Stage, In Your Are Chicago (2019) Concert with 16M+ views ğŸ”¥

ğŸ”— https://t.co/NTyBNIci8b

SHOWTOâ€¦",Twitter for Android,1590904775276908544,2022-11-11T03:10:30.000Z,en,everyone,1421396771066966020,['1590904775276908544'],[],['https://youtu.be/ur92m9oFgOY'],247,0,0,0,,2022-11-10 19:10:35.194915
False,"RT @Anandpandey333: à¤Ÿà¥à¤µà¤¿à¤Ÿà¤° à¤ªà¤° à¤•à¥à¤¯à¤¾ à¤¹à¤®à¤¾à¤°à¥‡ à¤¸à¤¨à¤¾à¤¤à¤¨à¥€ à¤¹à¤¿à¤‚à¤¦à¥‚ à¤­à¤¾à¤ˆ à¤¬à¤¹à¤¨ à¤¹à¤®à¥‡à¤‚ à¤…à¤ªà¤¨à¥€ à¤«à¥à¤°à¥‡à¤‚à¤¡ à¤²à¤¿à¤¸à¥à¤Ÿ à¤®à¥‡à¤‚ à¤œà¤—à¤¹ à¤¦à¥‡à¤‚à¤—à¥‡,  à¤•à¥ƒà¤ªà¤¯à¤¾ à¤«à¥‰à¤²à¥‹ à¤•à¤°à¥‡à¤‚, à¤¸à¤¬ à¤•à¥‹ à¤«à¥‰à¤²à¥‹ à¤¬à¥ˆà¤• à¤•à¤°à¥‚à¤à¤—à¤¾â€¦",Twitter for Android,1590904779471212544,2022-11-11T03:10:31.000Z,hi,everyone,1145375598778339328,['1590904779471212544'],[],[],6,0,0,0,,2022-11-10 19:10:36.026000
False,@siawaseni7ru ãƒ¡ãƒ³ã‚¿ãƒ«ã§ä¼‘è·ã—ã¦ã„ãŸè·å“¡ãŒè·å ´å¾©å¸°ã™ã‚‹æ™‚ã«ã„ããªã‚Šãƒˆãƒƒãƒ—ã‚®ã‚¢ã§åƒã‹ã›ã‚‹ã¤ã‚‚ã‚Šãªã‚“ã§ã™ã‹ï¼Ÿãã‚Œã§ã¾ãŸæ‚ªããªã£ãŸã‚‰ã©ã†ã™ã‚‹ã‚“ã ã‚ã†ã€‚ä¸»æ²»åŒ»ã¯ã‚‚ã†å¤§ä¸ˆå¤«ã¨è¨€ã£ã¦ã‚‹ã‚“ã§ã™ã‹ï¼Ÿ,Twitter for iPhone,1590904779471204353,2022-11-11T03:10:31.000Z,ja,everyone,1513664883476537345,['1590904779471204353'],[],[],0,0,0,0,,2022-11-10 19:10:36.027062
False,@robreiner You are absolutely out of your mind. He supported 190 people for office. And only 10 didnâ€™t make it. So your lies are just that lies.,Twitter for iPhone,1590904779445870592,2022-11-11T03:10:31.000Z,en,everyone,1446597399972044800,['1590904779445870592'],[],[],0,0,0,0,,2022-11-10 19:10:36.028435
False,RT @bgba18: Heart damage is permanent. Protect your child's heart. #StoptheShots,Twitter for iPhone,1590904779462815745,2022-11-11T03:10:31.000Z,en,everyone,285757860,['1590904779462815745'],['StoptheShots'],[],210,0,0,0,,2022-11-10 19:10:36.029030
False,"RT @gyourluve: à¹€à¸§à¸à¸±à¸ªà¸à¸µà¸—à¹à¸šà¸šà¸•à¸°à¹‚à¸à¸™à¸™à¸™à¸™à¸™à¸™à¸™à¸™à¸™

@Buildbuilddd @biblesumett
ê’° #BuildJakapan #BibleWichapas â‹†ï¹† https://t.co/FgL1Ve0kxn",Twitter for iPad,1590904779454414849,2022-11-11T03:10:31.000Z,th,everyone,1252979663904727040,['1590904779454414849'],"['BuildJakapan', 'BibleWichapas']",['https://twitter.com/gyourluve/status/1590903050075779072/video/1'],70,0,0,0,,2022-11-10 19:10:36.029704
False,"Now, companies control internet communication. Titter Metta, Microsoft etc cutting  back the might solve problem fur us. https://t.co/IS7DWsgLsH",Twitter for Android,1590904779454259200,2022-11-11T03:10:31.000Z,en,everyone,3355180708,['1590904779454259200'],[],['https://youtu.be/b73jKB7qxVo'],0,0,0,0,,2022-11-10 19:10:36.030401
False,@khaledgebaly65 https://t.co/zSzVkQJMhB,Twitter for Android,1590904779446030337,2022-11-11T03:10:31.000Z,qme,everyone,1037806958483570691,['1590904779446030337'],[],['https://twitter.com/rajab_aldoury/status/1590904779446030337/photo/1'],0,0,0,0,,2022-11-10 19:10:36.030940
False,RT @mahmoodi3525: yaninda aramayacaksin #cigli olmali umrunda ne aklinda ve olmasi gerekenler zaten kimseyi  olmayip #alsancak gidenler neâ€¦,Twitter for Mac,1590904779449901057,2022-11-11T03:10:31.000Z,tr,everyone,1588724688078921728,['1590904779449901057'],"['cigli', 'alsancak']",[],39,0,0,0,,2022-11-10 19:10:36.031658
False,"RT @BIGHIT_MUSIC: Indigo
2022.12.2. 
2PM (KST) | 12AM (ET)

#RM #Indigo https://t.co/6xjd0uHdrA",Twitter for Android,1590904779454414848,2022-11-11T03:10:31.000Z,tl,everyone,1516932793204240385,['1590904779454414848'],"['RM', 'Indigo']",['https://twitter.com/BIGHIT_MUSIC/status/1590720987338637313/photo/1'],233886,0,0,0,,2022-11-10 19:10:36.032279
False,"@GurpreetSSahota Ena kmande o fer v ronde rehnde o,ki fayda tuhada kaneda jaan da.",Twitter for Android,1590904779450224641,2022-11-11T03:10:31.000Z,et,everyone,1006858593398747137,['1590904779450224641'],[],[],0,0,0,0,,2022-11-10 19:10:36.033022
False,"RT @Uruguay: ğŸ‡ºğŸ‡¾ ğ—Ÿğ—¢ğ—¦ ğŸ®ğŸ²

Recorrimos el @Uruguay_Natural en busca de los elegidos de @AlonsoDT para el Mundial de Catar.

Â¡Vamos por el sueÃ±oâ€¦",Twitter for iPhone,1590904779450245120,2022-11-11T03:10:31.000Z,es,everyone,4644258555,['1590904779450245120'],[],[],6369,0,0,0,,2022-11-10 19:10:36.033684
False,"RT @hc_joyfulhonda: ï¼
ãƒ•ã‚©ãƒ­ãƒ¼ï¼†RTã§å¿œå‹ŸğŸŠ
#ãŠæƒé™¤ã‚ãã‚ãã‚»ãƒƒãƒˆãŒå½“ãŸã‚‹
#ã‚­ãƒ£ãƒ³ãƒšãƒ¼ãƒ³ é–‹å‚¬ä¸­â€¼ï¸
ï¼¼
æ¯æ—¥ä½¿ãˆã‚‹ #æƒé™¤ç”¨å“ ã‚’
#æŠ˜ã‚ŠãŸãŸã¿ã‚ªãƒªã‚³ãƒ³ ã«å…¥ã‚Œã¦
20åæ§˜ã« #ãƒ—ãƒ¬ã‚¼ãƒ³ãƒˆğŸ

â‘ @hc_joyfulhonda ã‚’ãƒ•ã‚©ãƒ­ãƒ¼
â‘¡ã“ã®æŠ•ç¨¿â€¦",Twitter Web App,1590904779446046720,2022-11-11T03:10:31.000Z,ja,everyone,1469016860465430528,['1590904779446046720'],"['ãŠæƒé™¤ã‚ãã‚ãã‚»ãƒƒãƒˆãŒå½“ãŸã‚‹', 'ã‚­ãƒ£ãƒ³ãƒšãƒ¼ãƒ³', 'æƒé™¤ç”¨å“', 'æŠ˜ã‚ŠãŸãŸã¿ã‚ªãƒªã‚³ãƒ³', 'ãƒ—ãƒ¬ã‚¼ãƒ³ãƒˆ']",[],6990,0,0,0,,2022-11-10 19:10:36.034450
False,"RT @444triste: que paz mental me da ver los atardeceres, la luna, la naturaleza o el cielo",Twitter for Android,1590904779479601152,2022-11-11T03:10:31.000Z,es,everyone,1455348382977994755,['1590904779479601152'],[],[],2719,0,0,0,,2022-11-10 19:10:36.035126
False,"RT @_3kn001: ã½ã£ããƒ¼ã‚ˆã‚Šãƒ—ãƒªãƒƒãƒ„æ´¾ã€‚

ğŸ•ï½œ11/11  18:00ã€œ2æˆ¦ (20äººç¨‹)

ğŸ—ºï½œ1æˆ¦ç›® ï¾—ï¾ï¾„ï¾ï¼2æˆ¦ç›® åµ    

ğŸ’´ï½œğŸ¥‡11111 ğŸ¥‰ï½·ï¾™æ•°Ã—1111

ğŸ“ï½œRTã—ã¦

ğŸ“ï½œè’é‡åãƒ»ID  ä»–é©å½“

#è¿…é€Ÿã‚·ãƒ³ã‚°ãƒ« #è³é‡‘ãƒ«ãƒ¼ãƒ  https:â€¦",Twitter for iPhone,1590904779454451712,2022-11-11T03:10:31.000Z,ja,everyone,1561723245161656321,['1590904779454451712'],"['è¿…é€Ÿã‚·ãƒ³ã‚°ãƒ«', 'è³é‡‘ãƒ«ãƒ¼ãƒ ']",[],37,0,0,0,,2022-11-10 19:10:36.035687
True,RT @BoobBuster1: è¿™è¾ˆå­åšçš„æœ€å¯¹çš„å†³å®šå°±æ˜¯ç¦»å©šä»¥åå¼€äº†è¿™å®¶è¶…å¸‚ï¼ŒæŒ£ä¸æŒ£é’±æ— æ‰€è°“ï¼Œåæ­£æ˜¯æœ‰åƒä¸å®Œçš„å¤§é¸¡å§ https://t.co/d56V3iqduo,Twitter Web App,1590904779441864704,2022-11-11T03:10:31.000Z,zh,mentionedUsers,1531994190472966144,['1590904779441864704'],[],['https://twitter.com/BoobBuster1/status/1589354980502568961/video/1'],742,0,0,0,,2022-11-10 19:10:36.036262
False,ãƒŒãƒ«ãƒƒã¨åˆå¾Œã¾ã§å¯ã¦ã—ã¾ã£ã¦ã¦ç„¡ç†,Twitter for Android,1590904779479584770,2022-11-11T03:10:31.000Z,ja,everyone,1495389049703796738,['1590904779479584770'],[],[],0,0,0,0,,2022-11-10 19:10:36.036837
False,"@mi__yon @karakiyo2052303 æ€¥ã«æœ¬æ°—å‡ºã—ã¦ç‰‡ä»˜ã‘ã‚‹ã¨ã‹è¨€ã„å‡ºã™ã‹ã‚‰ä½•äº‹ã‹ã¨www
å‹•ç”»é…ä¿¡www
å¹´æœ«ã‚‚è¿‘ã¥ã„ã¦æ¥ã¾ã—ãŸã—ã­ï¼
ãŠäº’ã„é ‘å¼µã‚Šã¾ã—ã‚‡ãƒ¼ã†ï¼",Twitter for iPhone,1590904779475386373,2022-11-11T03:10:31.000Z,ja,everyone,1073578982002606080,['1590904779475386373'],[],[],0,0,0,0,,2022-11-10 19:10:36.037582
False,@nagao_brain å‹ã£ã¦ãã ã•ã‚ŒğŸ˜‰âœ¨,Twitter for iPhone,1590904779446050817,2022-11-11T03:10:31.000Z,ja,everyone,1304381981602402305,['1590904779446050817'],[],[],0,0,0,0,,2022-11-10 19:10:36.038229
False,@gimvermilion â€¦ì´ê±´ë¹¼ë¹¼ë¡œê°€â€¦.,Twitter for iPhone,1590904779479592960,2022-11-11T03:10:31.000Z,ko,everyone,1527928129603661824,['1590904779479592960'],[],[],0,0,0,0,,2022-11-10 19:10:36.038703
False,RT @thehill: Federal judge strikes down Biden student debt relief program https://t.co/FGajOZj48w https://t.co/AxdMTzNWbz,Twitter for Android,1590904779462840321,2022-11-11T03:10:31.000Z,en,everyone,1499586531383726116,['1590904779462840321'],[],"['https://trib.al/v8nUAhA', 'https://twitter.com/thehill/status/1590874723256188929/photo/1']",99,0,0,0,,2022-11-10 19:10:36.039193
True,https://t.co/nuparbLqEe,Twitter Web App,1590904779441844224,2022-11-11T03:10:31.000Z,zxx,everyone,2717124590,['1590904779441844224'],[],['https://twitter.com/goingforit4/status/1590904779441844224/photo/1'],0,0,0,0,,2022-11-10 19:10:36.039681
False,RT @mahmoodi3525: yaninda aramayacaksin #cigli olmali umrunda ne aklinda ve olmasi gerekenler zaten kimseyi  olmayip #alsancak gidenler neâ€¦,Twitter for Mac,1590904779454267393,2022-11-11T03:10:31.000Z,tr,everyone,1588723478848495617,['1590904779454267393'],"['cigli', 'alsancak']",[],39,0,0,0,,2022-11-10 19:10:36.040126
False,RT @Truth2Power2018: @BishopBurbidge Will you be endorsing Trump with all your fellow MAGA Trump conservative Bishops on 11/15? #wtop #msnbc,Twitter for iPhone,1590904779458453504,2022-11-11T03:10:31.000Z,en,everyone,378187017,['1590904779458453504'],"['wtop', 'msnbc']",[],3,0,0,0,,2022-11-10 19:10:36.040703
False,RT @444triste: que ganas de tenerte durmiendo a mi lado,Twitter Web App,1590904779454414850,2022-11-11T03:10:31.000Z,es,everyone,1169747554801729537,['1590904779454414850'],[],[],862,0,0,0,,2022-11-10 19:10:36.042061
False,"RT @13sar_atlus: ã€ãƒ•ã‚©ãƒ­ãƒ¼ï¼†RTã‚­ãƒ£ãƒ³ãƒšãƒ¼ãƒ³ã€‘

ã€#åä¸‰æ©Ÿå…µé˜²è¡›åœã€3å‘¨å¹´è¨˜å¿µç‰¹ç•ªé…ä¿¡æ±ºå®šï¼

è¦–è´äºˆç´„ãƒ»è©³ç´°ã¯ã“ã¡ã‚‰â–¼
https://t.co/M2C9fzSn5a

@13sar_atlusã‚’ãƒ•ã‚©ãƒ­ãƒ¼ï¼†ã“ã®ãƒ„ã‚¤ãƒ¼ãƒˆã‚’RTã§
çŸ³äº•éš†ä¹‹ã•ã‚“ã€å°æ¸…æ°´äºœç¾ã•ã‚“â€¦",Twitter for Android,1590904779462832131,2022-11-11T03:10:31.000Z,ja,everyone,2971892376,['1590904779462832131'],['åä¸‰æ©Ÿå…µé˜²è¡›åœ'],['https://youtu.be/UDTGWV248bE'],164,0,0,0,,2022-11-10 19:10:36.043314
False,"RT @Bdoza5: Dems, repeat after me, Josh Shapiroâ€™s and Gretchen Whitmerâ€™s wins were more impressive than Ron Desantisâ€™s win. Talk about. Memâ€¦",Twitter for Android,1590904779441864705,2022-11-11T03:10:31.000Z,en,everyone,796202211718139904,['1590904779441864705'],[],[],7859,0,0,0,,2022-11-10 19:10:36.043957
False,"@NYDraz82CylcY3j
ã€Œã‚µãƒ–ã‚¦ã‚§ã‚¤Ã—FEELCYCLEã‚³ãƒ©ãƒœã‚­ãƒ£ãƒ³ãƒšãƒ¼ãƒ³ã€ã¸ã®ã”å¿œå‹Ÿã‚ã‚ŠãŒã¨ã†ã”ã–ã„ã¾ã™âœ¨

æŠ½é¸çµæœã¯å‹•ç”»ã®æœ€å¾Œã«ç™ºè¡¨ğŸ“£
ã€Œã‚µãƒ©ãƒ€ãƒã‚­ãƒ³1å€‹ãƒ»FEELCYCLE 1ã‹æœˆç„¡æ–™ã€ãŒå½“ãŸã‚‹ãƒãƒ£ãƒ³ã‚¹â—

æœŸé–“ä¸­æ¯æ—¥å¿œå‹Ÿã§ãã¾ã™â€¼ https://t.co/HyztJaXuqy",Shuttlerock - Bluebird,1590904779479580672,2022-11-11T03:10:31.000Z,ja,everyone,84503328,['1590904779479580672'],[],['https://twitter.com/subwayjp/status/1590904779479580672/video/1'],0,0,0,0,,2022-11-10 19:10:36.044761
False,"RT @bunniefied: $20 | 290.000 IDR ~ 180 MINS

- RT like &amp; Follow @Formacar_Crypto + rt like their ğŸ“Œ",Twitter for Android,1590904779471204354,2022-11-11T03:10:31.000Z,en,everyone,1572567915983142913,['1590904779471204354'],[],[],187,0,0,0,,2022-11-10 19:10:36.045579
False,@wwwMissdina1709 ğŸ˜‚ğŸ˜‚,Twitter for Android,1590904779446030336,2022-11-11T03:10:31.000Z,und,everyone,1305844642571792384,['1590904779446030336'],[],[],0,0,0,0,,2022-11-10 19:10:36.046189
False,les doy mi rimel,Twitter for Android,1590904779458621440,2022-11-11T03:10:31.000Z,es,everyone,1118365436012314624,['1590904779458621440'],[],[],0,0,0,0,,2022-11-10 19:10:36.046681
False,@I_amsajjan à¤­à¤¾à¤°à¤¤à¥€à¤¯ à¤¦à¤®à¤¨à¤•à¥‹ à¤®à¤¾à¤¨à¤¸à¤¿à¤•à¤ªà¤¿à¤¡à¤¾à¤•à¥‹ à¤‰à¤ªà¤œ,Twitter for iPhone,1590904779458633728,2022-11-11T03:10:31.000Z,ne,everyone,593276026,['1590904779458633728'],[],[],0,0,0,0,,2022-11-10 19:10:36.048033
False,"There is time for work. And time for lov

 https://t.co/Meoy8Qhu6b",Twitter for iPhone,1590904779449901056,2022-11-11T03:10:31.000Z,en,everyone,1585308029569966081,['1590904779449901056'],[],['https://twitter.com/Georgea44641568/status/1590904748756144128'],0,0,0,0,,2022-11-10 19:10:36.048592
False,ã‚ã¨é¢¨æœ‰åˆ©å¤æˆ¦å ´ã¯ãªã‚“ã§ã‚¯ã‚½ãƒœã‚¹ãŒå¤šâ€¦â€¦,Twitter for Android,1590904779467030528,2022-11-11T03:10:31.000Z,ja,everyone,1526685356321820672,['1590904779467030528'],[],[],0,0,0,0,,2022-11-10 19:10:36.049927
False,Eu ainda to chocada https://t.co/a6XQJi37AK,Twitter Web App,1590904779471192064,2022-11-11T03:10:31.000Z,pt,everyone,431846506,['1590904779471192064'],[],['https://twitter.com/avieiraa26/status/1590900132014424065'],0,0,0,0,,2022-11-10 19:10:36.050384
False,Oh me  writing  iosvpn  vpnæ¨è  factors  #iosvpn  https://t.co/EK1RGhwcxA,Twitter Web App,1590904779462832130,2022-11-11T03:10:31.000Z,en,everyone,982908630172250113,['1590904779462832130'],['iosvpn'],['https://twitter.com/Janet515571751/status/1587704587456512001/video/1'],0,0,0,0,,2022-11-10 19:10:36.050824
False,the new you cringe you smoke felt like a fever dream in a very good way,Twitter for iPhone,1590904779446063104,2022-11-11T03:10:31.000Z,en,everyone,937497573245575170,['1590904779446063104'],[],[],0,0,0,0,,2022-11-10 19:10:36.051203
False,ãã‚Œã ï¼æ¡ˆå†…ã—ã¦ä¸‹ã•ã„ï¼,twittbot.net,1590904779441549312,2022-11-11T03:10:31.000Z,ja,everyone,2331159984,['1590904779441549312'],[],[],0,0,0,0,,2022-11-10 19:10:36.051591
False,å®£ä¼æ”¯æ´ã£ https://t.co/ifDov8TSqg,Twitter for iPhone,1590904779450253315,2022-11-11T03:10:31.000Z,ja,everyone,36933309,['1590904779450253315'],[],['https://twitter.com/badass_delta/status/1589235207882027008'],0,0,0,0,,2022-11-10 19:10:36.052376
False,RT @manopsi: à¸­à¸¢à¸²à¸à¹ƒà¸«à¹‰à¸­à¹ˆà¸²à¸™à¹€à¸£à¸·à¹ˆà¸­à¸‡à¸‚à¸­à¸‡à¹€à¸à¸ˆ â€œà¸ªà¸¹à¹‰à¸”à¸´à¸§à¸°â€ à¸„à¸£à¸±à¸š à¹€à¸‚à¸µà¸¢à¸™à¹‚à¸”à¸¢à¸­à¸²à¸ˆà¸²à¸£à¸¢à¹Œà¸«à¸¡à¸­à¹€à¸Šà¸µà¸¢à¸‡à¹ƒà¸«à¸¡à¹ˆà¸§à¸±à¸¢ 28 à¸›à¸µ à¸™à¸±à¸à¸à¸µà¸¬à¸² à¹„à¸¡à¹ˆà¸ªà¸¹à¸šà¸šà¸¸à¸«à¸£à¸µà¹ˆ à¹€à¸à¸´à¹ˆà¸‡à¸—à¸³à¸‡à¸²à¸™à¹„à¸”à¹‰ 2 à¹€à¸”à¸·à¸­à¸™ à¸à¸šà¸§à¹ˆà¸²à¹€â€¦,Twitter for iPhone,1590904779446026240,2022-11-11T03:10:31.000Z,th,everyone,175910964,['1590904779446026240'],[],[],8946,0,0,0,,2022-11-10 19:10:36.054342
False,"RT @BTS_Trans: 221110 @BTS_twt RM's Instagram Stories

Iâ€™ve been working hard to prepare this since the beginning of 2019
SYL*
(--) (__) (-â€¦",Twitter for Android,1590904779454439425,2022-11-11T03:10:31.000Z,en,everyone,607016102,['1590904779454439425'],[],[],396,0,0,0,,2022-11-10 19:10:36.055318
False,DRIZZY LONDON!!,Twitter for iPhone,1590904779475398657,2022-11-11T03:10:31.000Z,en,everyone,27080059,['1590904779475398657'],[],[],0,0,0,0,,2022-11-10 19:10:36.056047
False,@vituusoaress @pauloorion Eu tambÃ©m quero,Twitter for Android,1590904779446059008,2022-11-11T03:10:31.000Z,pt,everyone,1331216096444227584,['1590904779446059008'],[],[],0,0,0,0,,2022-11-10 19:10:36.058513
False,ğŸ“Œ Listado completo de los diferentes tipos de leche materna y de los beneficios de cada una para el bebÃ©... https://t.co/Xfdoh6QVRW,Twitter Web App,1590904779450257408,2022-11-11T03:10:31.000Z,es,everyone,943133741093916672,['1590904779450257408'],[],['https://www.cinconoticias.com/tipos-de-leche-materna-y-beneficios-de-cada-una/'],0,0,0,0,,2022-11-10 19:10:36.079477
False,"RT @PdoctorTomy: ã€Œä½•ã‚’ã™ã‚‹ã‹ã€ã§äºˆå®šã‚’ç«‹ã¦ã‚‹ã¨ã¤ã„ã¤ã„ã‚„ã‚Šã™ãã‚‹ã®ã‚ˆã€‚

ã€Œä½•æ™‚é–“ã‚„ã‚‹ã‹ã€ãªã©æ™‚é–“ãƒ™ãƒ¼ã‚¹ã§äºˆå®šã‚’ç«‹ã¦ã¾ã—ã‚‡ã€‚",Twitter for iPhone,1590904779458629635,2022-11-11T03:10:31.000Z,ja,everyone,526179402,['1590904779458629635'],[],[],89,0,0,0,,2022-11-10 19:10:36.089034
False,"At that time, women's careers were essentially nursing, secretarial and teaching",Twitter for iPhone,1590904779458641921,2022-11-11T03:10:31.000Z,en,everyone,1590904730858954753,['1590904779458641921'],[],[],0,0,0,0,,2022-11-10 19:10:36.100986
False,@whix28_o0 æœä¸€å›èµ·ãã¦ã€é€ã‚ŒãŸâ€¦ï¼ã£ã¦æ€ã£ã¦äºŒåº¦å¯ã‹ã¾ã—ã¦ç”»é¢è¦‹ãŸã‚‰â€¦(  '-' )ï½½ï½©ï½©ï½©â¤´ï¸ï¸ï¸,Twitter for iPhone,1590904779458646016,2022-11-11T03:10:31.000Z,ja,everyone,1582660234207985664,['1590904779458646016'],[],[],0,0,0,0,,2022-11-10 19:10:36.108054
False,RT @kazuhapictures: https://t.co/eUjsGN2U2W,Twitter for iPhone,1590904779446038528,2022-11-11T03:10:31.000Z,zxx,following,1530112201213739008,['1590904779446038528'],[],['https://twitter.com/kazuhapictures/status/1555826734884323328/photo/1'],728,0,0,0,,2022-11-10 19:10:36.115647
False,RT @davidshor: This narrative is basically made up and journalists should stop reporting it. https://t.co/pSkdmg9PgD,Twitter Web App,1590904779441868800,2022-11-11T03:10:31.000Z,en,everyone,1300612773941047296,['1590904779441868800'],[],"['https://twitter.com/davidshor/status/1590818880456622080/photo/1', 'https://twitter.com/davidshor/status/1590818880456622080/photo/1']",188,0,0,0,,2022-11-10 19:10:36.122897
True,RT @VicenteLaparra: La vida no es suerte... https://t.co/udRck5LPCZ,Twitter for Android,1590904779458285568,2022-11-11T03:10:31.000Z,es,everyone,1504678565069082626,['1590904779458285568'],[],['https://twitter.com/VicenteLaparra/status/1590373655300558848/photo/1'],435,0,0,0,,2022-11-10 19:10:36.123746
False,RT @tec0115: ãŠã¯ã‚ˆã†ã”ã–ã„ã¾ã™â˜€ï¸ https://t.co/XB08YbBgc0,Twitter for iPhone,1590904779446063106,2022-11-11T03:10:31.000Z,ja,everyone,121896127,['1590904779446063106'],[],['https://twitter.com/tec0115/status/1590827825669767169/photo/1'],5,0,0,0,,2022-11-10 19:10:36.209504
False,RT @joffre_eduardo: aptallaÅŸÄ±rsÄ±n duyunca Sen È‡ÌˆsÌ‘ÌˆcÌ‘ÌˆÈÌˆÈ“ÌˆtÌ‘ birini #ataÅŸehir #beÅŸiktaÅŸ dogru Milyonlarca hissettigim sadece #Ã¼mraniye varkâ€¦,Twitter for Mac,1590904779462656001,2022-11-11T03:10:31.000Z,tr,everyone,1589365306518118400,['1590904779462656001'],"['ataÅŸehir', 'beÅŸiktaÅŸ', 'Ã¼mraniye']",[],45,0,0,0,,2022-11-10 19:10:36.210530
False,RT @ngocbachnguyen: æŠ½è±¡åº¦é«˜ãå­¦ã³ç¶šã‘ã‚‹å§¿å‹¢ã‚’å¿˜ã‚Œãªã„ã‚ˆã†ã«ã—ãŸã„ã€‚è‡ªåˆ†ã¯ã‚‚ã†å‡ºæ¥ã¦ã„ã‚‹ã¨æ…¢å¿ƒãŒã‚ˆãã£ãŸç¬é–“ã«ä½•ã‹ãŒå´©ã‚Œã‚‹ã ã‚ã†ã€‚åœ§å€’çš„ãªæƒ…å ±é‡ãŒã‚ã£ã¦ã¯ã˜ã‚ã¦æŠ½è±¡åº¦ã¯é«˜ã¾ã£ã¦è¡Œãã€‚å­¦ã³ã®æ—¥ã€…ã«ãŠã„ã¦ã€ã¯ã˜ã‚ã¦ã®ã“ã¨ã«å‡ºä¼šã†åº¦ã«è‡ªåˆ†ãŒé€²åŒ–ã—ã¦ã„ã‚‹ã¨ã‚¨ãƒ•ã‚£ã‚«ã‚·â€¦,Twitter for Android,1590904758482907136,2022-11-11T03:10:26.000Z,ja,everyone,1252393469219201030,['1590904758482907136'],[],[],1,0,0,0,,2022-11-10 19:10:36.211379
False,"RT @kcsabin2014: à¤¸à¤®à¤¯ à¤° à¤›à¤¾à¤²à¤²à¥‡ à¤•à¤¸à¥ˆà¤²à¤¾à¤ˆ à¤ªà¤°à¥à¤–à¤¦à¥ˆà¤¨
à¤¤à¤° à¤¹à¤¾à¤®à¤¿à¤²à¤¾à¤ˆ à¤•à¥‡ à¤ªà¥à¤°à¤¬à¤¾à¤¹!
à¤¹à¤¾à¤®à¥€ à¤¨ à¤¸à¤®à¤¯ à¤¨ à¤›à¤¾à¤²à¤•à¥‹ à¤°à¥à¤ª,
à¤¬à¤¸à¥ ! à¤¹à¤¾à¤®à¥€ à¤¤ à¤à¤• à¤…à¤°à¥à¤•à¤¾à¤²à¤¾à¤ˆ
à¤šà¤¾à¤¹à¥‡à¤œà¤¤à¥€ à¤ªà¤°à¥à¤–à¤¨ à¤¸à¤•à¥à¤›à¥Œà¤‚ à¤¨à¤¿â€¦",Twitter for Android,1590904758499684354,2022-11-11T03:10:26.000Z,ne,everyone,1263434600912576512,['1590904758499684354'],[],[],1,0,0,0,,2022-11-10 19:10:36.212221
False,"@itsuwa0815 ã¾ã—ã‚ã•ã‚“ã€œï¼
ã‚ã‚ŠãŒã¨ã†ã”ã–ã„ã¾ã™ğŸ˜­âœ¨
çš†æ§˜ã«æ„Ÿè¬ğŸ™",Twitter for Android,1590904783661301762,2022-11-11T03:10:32.000Z,ja,everyone,164063573,['1590904783661301762'],[],[],0,0,0,0,,2022-11-10 19:10:36.948836
False,"@spiceadams @BLACKPINK Have fun dad ğŸ¤£, dad duties",Twitter for iPhone,1590904783644172288,2022-11-11T03:10:32.000Z,en,everyone,2366420580,['1590904783644172288'],[],[],0,0,0,0,,2022-11-10 19:10:36.979204
False,De este aÃ±o aprendÃ­ que no se debe involucrar lo amistoso con lo acadÃ©mico. No me vuelve a pasar.,Twitter for Android,1590904783644332033,2022-11-11T03:10:32.000Z,es,everyone,1326214869662769152,['1590904783644332033'],[],[],0,0,0,0,,2022-11-10 19:10:36.980749
True,RT @careIless: ÙŠØ§Ø§Ø§Ø§ÙŠ Ø§Ù„ØªØ¹Ù„ÙŠÙ‚Ø§Øª ØªØ®Ù„ÙŠÙƒ ØªØ¨ÙŠ Ø§Ù„Ø²ÙˆØ§Ø¬ ÙˆØ§Ù†Øª Ù…Ø§ØªØ¨Ù‚Ø§Ù‡Ùˆ https://t.co/tixuIpeR1U,Twitter for iPhone,1590904783648718853,2022-11-11T03:10:32.000Z,ar,everyone,1404438072117370880,['1590904783648718853'],[],"['https://twitter.com/careIless/status/1590767553147990021/photo/1', 'https://twitter.com/careIless/status/1590767553147990021/photo/1', 'https://twitter.com/careIless/status/1590767553147990021/photo/1']",220,0,0,0,,2022-11-10 19:10:36.984179
False,01000001 01000010 01000001 01001110 01000100 01001111 01001110 01000101 01000100 00001010,twittbot.net,1590904783669723137,2022-11-11T03:10:32.000Z,und,everyone,1462982452599689220,['1590904783669723137'],[],[],0,0,0,0,,2022-11-10 19:10:36.985033
False,"@RonDeSantisFL Felicitaciones, Ron! Abrazo desde Uruguay.",Twitter for Android,1590904783640350720,2022-11-11T03:10:32.000Z,es,everyone,1566886973448544256,['1590904783640350720'],[],[],0,0,0,0,,2022-11-10 19:10:36.985644
False,ANNOUNCING ON SATURDAY,Twitter for iPhone,1590904783644155904,2022-11-11T03:10:32.000Z,en,everyone,1590904759879450624,['1590904783644155904'],[],[],0,0,0,0,,2022-11-10 19:10:36.986266
False,RT @solarkarii: jerma just finding out that home alone 2 was ranboo all long is so funny to me https://t.co/Qu7PYZsZuM,Twitter for Android,1590904783644131329,2022-11-11T03:10:32.000Z,en,everyone,1320811862624243720,['1590904783644131329'],[],['https://twitter.com/solarkarii/status/1590878942650839040/video/1'],128,0,0,0,,2022-11-10 19:10:36.987298
False,RT @WayneDupreeShow: .@mattgaetz: â€œThe job President Trump started was not finished. Only Trump can be trusted to enact the â€œAmerica Firstâ€â€¦,Twitter for iPhone,1590904783660937216,2022-11-11T03:10:32.000Z,en,everyone,1589417479432019974,['1590904783660937216'],[],[],441,0,0,0,,2022-11-10 19:10:36.989563
False,ãƒãƒ³ä»²æ‘ã€€æ¼¢ã®ç”Ÿãæ§˜ã‚’æ•™ãˆã¦ã‚„ã‚‹ã‚ˆã€€å¢ãƒãƒ³ä»²æ‘ï¼ˆDJéŠ€å¤ªï¼‰ç”·æ³£ãã€åˆ‡ã‚ŠæŠœãã€‘https://t.co/KmOhgGJIzfã€€#ãƒ¬ãƒšã‚¼ãƒ³ #DJéŠ€å¤ª #DJç¤¾é•·,twittbot.net,1590904783661019137,2022-11-11T03:10:32.000Z,ja,everyone,1561273255763202048,['1590904783661019137'],"['ãƒ¬ãƒšã‚¼ãƒ³', 'DJéŠ€å¤ª', 'DJç¤¾é•·']",['https://youtu.be/SURV0ZYG5jM'],0,0,0,0,,2022-11-10 19:10:36.990774
False,https://t.co/H0BKo3yijS,Twitter for Android,1590904783669690368,2022-11-11T03:10:32.000Z,zxx,everyone,1252378731324354560,['1590904783669690368'],[],['https://twitter.com/felipemgimenez/status/1590656437767659520?t=1x00F-AXGuk_WGZA342NJg&s=09'],0,0,0,0,,2022-11-10 19:10:36.991712
False,"RT @Toei_kansai: ï¼
11æœˆ5æ—¥â€¦ã„ã„ã”ç¸â€¦ç¸ã¨ã„ãˆã°
#ãƒ‰ãƒ³ãƒ–ãƒ©ã‚¶ãƒ¼ã‚ºÃ—å²¡å±±çœŒã‚³ãƒ©ãƒœã˜ã‚ƒâ€¼ï¸
ï¼¼

ä»Šå›ã¯æ¡ƒğŸ‘ã˜ã‚ƒãªãã¦11æœˆ5æ—¥ã«ã¡ãªã‚“ã§ã‚¤ãƒã‚´ğŸ“ãŒå½“ãŸã‚‹ç¥­ã‚Šã˜ã‚ƒ â€¼ï¸
ã€€
B2ç•ªçµ„ãƒã‚¹ã‚¿ãƒ¼&amp;å²¡å±±çœŒç”£ğŸ“ãŒã‚»ãƒƒãƒˆã§3åæ§˜ã«å½“ãŸã‚‹â€¼ï¸

1ï¸âƒ£@okayama_â€¦",Twitter for iPhone,1590904783673884673,2022-11-11T03:10:32.000Z,ja,everyone,1352061044,['1590904783673884673'],['ãƒ‰ãƒ³ãƒ–ãƒ©ã‚¶ãƒ¼ã‚º'],[],5129,0,0,0,,2022-11-10 19:10:36.996145
False,"RT @taylornation13: Swifties you'll be fine... just play the new Bleachers, Roosevelt, Kungs, and Jayda G versions of Anti-Hero. Now availaâ€¦",Twitter for iPhone,1590904783636164608,2022-11-11T03:10:32.000Z,en,everyone,1301383616,['1590904783636164608'],[],[],157,0,0,0,,2022-11-10 19:10:36.997221
False,"RT @pledis_17: 'TOUR-ING : SEVENTEEN WORLD TOUR [BE THE SUN]' VOD Official Photo #2

Pre-order
[GL] https://t.co/ymf47V9LjQ
[JP] https://t.â€¦",Twitter for iPhone,1590904783636156416,2022-11-11T03:10:32.000Z,en,everyone,2174497526,['1590904783636156416'],[],['https://weverseshop.onelink.me/Sysc/vbxgo9g5'],964,0,0,0,,2022-11-10 19:10:36.997901
False,RT @mahmoodi3525: yaninda aramayacaksin #cigli olmali umrunda ne aklinda ve olmasi gerekenler zaten kimseyi  olmayip #alsancak gidenler neâ€¦,Twitter for Mac,1590904783656714240,2022-11-11T03:10:32.000Z,tr,everyone,1588721002791436288,['1590904783656714240'],"['cigli', 'alsancak']",[],39,0,0,0,,2022-11-10 19:10:37.000239
True,RT @YingSom87: à¸Šà¹ˆà¸§à¸¢à¹€à¸¢à¸ªà¹€à¸„à¹‰à¸²à¸—à¸µğŸ¥¹ğŸ¤¤ğŸ˜… https://t.co/El2bIcerCe,Twitter for iPhone,1590904783665508357,2022-11-11T03:10:32.000Z,th,everyone,3102123607,['1590904783665508357'],[],['https://twitter.com/YingSom87/status/1590665404846067714/photo/1'],289,0,0,0,,2022-11-10 19:10:37.001510
False,"RT @D_jeneration: CNN is currently saying Dems still have a chance to win the house,awesome",Twitter for iPhone,1590904783673888768,2022-11-11T03:10:32.000Z,en,everyone,2416263080,['1590904783673888768'],[],[],31,0,0,0,,2022-11-10 19:10:37.004469
False,"RT @pipinoji70: â¤ï¸ã—ã‡ã‚ã¯ã´ãã‚…ã‚ã¯ã£ã´ãƒ¼â¤ï¸

1000PayPayÃ—1çµ„

æ¡ä»¶âœï¸
ç§@pipinoji70ã®ãƒ•ã‚©ãƒ­ãƒ¼
ã“ã®æŠ•ç¨¿RT(å¼•ç”¨2å€)
ã‚·ã‚§ã‚¢ã—ãŸã„ç›¸æ‰‹ãƒªãƒ—ã«ãƒ¡ãƒ³ã‚·ãƒ§ãƒ³å¿…é ˆğŸ¤ãƒªãƒ—ãªã—ç„¡åŠ¹âŒ

ç· åˆ‡â°
11æœˆ11æ—¥23æ™‚ã€†

ãã‚…ã‚ã¯ã£ã´ãƒ¼ã‹ã‚ã„â€¦",Twitter for iPhone,1590904783669710850,2022-11-11T03:10:32.000Z,ja,everyone,1350285010029301762,['1590904783669710850'],[],[],681,0,0,0,,2022-11-10 19:10:37.007755
False,RT @NavyO_O: à¹à¸¡à¹ˆà¸‡à¸£à¹‰à¸­à¸‡à¹„à¸¡à¹ˆà¸ˆà¸šà¸ªà¸±à¸à¸—à¹ˆà¸­à¸™à¹à¸•à¹ˆà¸à¸£à¸°à¸•à¸¸à¸à¹à¸—à¸™à¹€à¸à¸¥à¸‡à¸¡à¸±à¸™à¸ªà¹Œà¸­à¸°à¹„à¸£à¸‚à¸™à¸²à¸”à¸™à¸±à¹‰à¸™,Twitter for iPhone,1590904783648755714,2022-11-11T03:10:32.000Z,th,everyone,1405143957613383690,['1590904783648755714'],[],[],10741,0,0,0,,2022-11-10 19:10:37.010906
False,@Aagus_riivas me quedo mÃ¡s tranquila,Twitter for Android,1590904783648731137,2022-11-11T03:10:32.000Z,es,everyone,1526411171288469504,['1590904783648731137'],[],[],0,0,0,0,,2022-11-10 19:10:37.011728
False,"ã‚ãªãŸã«è¨ªã‚Œã‚‹3å›ã®ãƒ¢ãƒ†æœŸã¯â€¦

ç¬¬ä¸€æ¬¡ãƒ¢ãƒ†æœŸã€16æ­³ã€‘
ç¬¬äºŒæ¬¡ãƒ¢ãƒ†æœŸã€27æ­³ã€‘
ç¬¬ä¸‰æ¬¡ãƒ¢ãƒ†æœŸã€45æ­³ã€‘

ãƒ¢ãƒ†æœŸè¨ºæ–­ 
https://t.co/EPM929hIVD

ãƒã‚¸ã‹",TWãƒŸãƒ¥ãƒ¼ãƒˆãƒã‚§ãƒƒã‚«ãƒ¼,1590904783665127424,2022-11-11T03:10:32.000Z,ja,everyone,1406930340174647298,['1590904783665127424'],[],['http://takayan.main.jp/516/'],0,0,0,0,,2022-11-10 19:10:37.012388
False,"RT @mattgaetz: McCarthy
McConnell
McDaniel 

McFailure",Twitter for Android,1590904783648747520,2022-11-11T03:10:32.000Z,en,everyone,2312405683,['1590904783648747520'],[],[],8151,0,0,0,,2022-11-10 19:10:37.012977
False,"RT @Ch3Plus: Official MV à¹€à¸à¸¥à¸‡ à¹€à¸‚à¸µà¸¢à¸™à¸¥à¸‡à¸•à¸£à¸‡à¸«à¸±à¸§à¹ƒà¸ˆ Ost.à¸¡à¸±à¸”à¸«à¸±à¸§à¹ƒà¸ˆà¸¢à¸±à¸¢à¸‹à¸¸à¸›à¸•à¸²à¸£à¹Œ à¸¨à¸´à¸¥à¸›à¸´à¸™ â€œGULF Kanawutâ€ 
à¸Ÿà¸±à¸‡à¹€à¸à¸¥à¸‡à¹à¸¥à¸°à¸£à¸±à¸šà¸Šà¸¡à¸¡à¸´à¸§à¸ªà¸´à¸„à¸§à¸´à¸”à¸µà¹‚à¸­à¹„à¸”à¹‰à¸—à¸µà¹ˆ  
3Plus &gt;&gt; htâ€¦",Twitter Web App,1590904783661334528,2022-11-11T03:10:32.000Z,th,everyone,1524234675505360897,['1590904783661334528'],[],[],904,0,0,0,,2022-11-10 19:10:37.013960
True,"RT @Harry_Styles: Love On Tour. Los Angeles VIII. November, 2022. https://t.co/VcclEKbVdz",Twitter for iPhone,1590904783660982274,2022-11-11T03:10:32.000Z,en,everyone,1434523412412645377,['1590904783660982274'],[],['https://twitter.com/Harry_Styles/status/1590900774787506176/photo/1'],8492,0,0,0,,2022-11-10 19:10:37.016143
False,@AlrashdMsabqat @1G__h ØªÙ…,Twitter for Android,1590904783644381184,2022-11-11T03:10:32.000Z,ar,everyone,1439593086431154186,['1590904783644381184'],[],[],0,0,0,0,,2022-11-10 19:10:37.017157
False,ä¿ºã¯ã‚¬ãƒ³ãƒŠãƒ¼ã¨æµ·åŠä¸»ã‚’ã‚„ã‚‹ï¼,twittbot.net,1590904783635771393,2022-11-11T03:10:32.000Z,ja,everyone,457173400,['1590904783635771393'],[],[],0,0,0,0,,2022-11-10 19:10:37.018164
False,"RT @yukanfuji_hodo: é˜²è¡›çœã¯ï¼‘ï¼æ—¥ã€ä¸­å›½ç©ºè»ã¨ã¿ã‚‰ã‚Œã‚‹ç„¡äººæ©Ÿï¼‘æ©ŸãŒæ²–ç¸„çœŒãƒ»å°–é–£è«¸å³¶ã®åŒ—æ–¹æµ·åŸŸã«ç¾ã‚ŒãŸã¨ç™ºè¡¨ã—ã¾ã—ãŸ

ä»Šæœˆä¸­ã®æ—¥ä¸­é¦–è„³ä¼šè«‡ãŒèª¿æ•´ã•ã‚Œã‚‹ãªã‹ã€ä¸­å›½ã®ç‹™ã„ãŒæ³¨ç›®ã•ã‚Œã¾ã™
#ä¸­å›½ç„¡äººæ©Ÿ
#å°–é–£è«¸å³¶ã®åŒ—æ–¹æµ·åŸŸã«
#æ—¥ä¸­é¦–è„³ä¼šè«‡
#ä¸­å›½ã®ç‹™ã„ httpâ€¦",Twitter for iPhone,1590904783669714944,2022-11-11T03:10:32.000Z,ja,everyone,1519509547282735104,['1590904783669714944'],"['ä¸­å›½ç„¡äººæ©Ÿ', 'å°–é–£è«¸å³¶ã®åŒ—æ–¹æµ·åŸŸã«', 'æ—¥ä¸­é¦–è„³ä¼šè«‡', 'ä¸­å›½ã®ç‹™ã„']",[],57,0,0,0,,2022-11-10 19:10:37.020454
False,Proud member!!,Twitter for iPhone,1590904783669702658,2022-11-11T03:10:32.000Z,en,everyone,1590904755848712193,['1590904783669702658'],[],[],0,0,0,0,,2022-11-10 19:10:37.021426
False,RT @onyxguk: these bts boys are strong bc if you came up to me and randomly slapped my ass Iâ€™d have to finish the job no giggling will happâ€¦,Twitter for Android,1590904783673913346,2022-11-11T03:10:32.000Z,en,everyone,1419222488030932992,['1590904783673913346'],[],[],7,0,0,0,,2022-11-10 19:10:37.022052
False,@mmmariamatilda En cualquier horario en esos puntos.,Twitter for Android,1590904783673917440,2022-11-11T03:10:32.000Z,es,everyone,1226324058943426560,['1590904783673917440'],[],[],0,0,0,0,,2022-11-10 19:10:37.023580
False,"ã‚ãªãŸã«è¨ªã‚Œã‚‹3å›ã®ãƒ¢ãƒ†æœŸã¯â€¦

ç¬¬ä¸€æ¬¡ãƒ¢ãƒ†æœŸã€16æ­³ã€‘
ç¬¬äºŒæ¬¡ãƒ¢ãƒ†æœŸã€27æ­³ã€‘
ç¬¬ä¸‰æ¬¡ãƒ¢ãƒ†æœŸã€45æ­³ã€‘

ãƒ¢ãƒ†æœŸè¨ºæ–­ 
https://t.co/SN1TVHulMh

ãƒã‚¸ã‹",åå¿œé€Ÿåº¦æ¸¬å®š,1590904783661301760,2022-11-11T03:10:32.000Z,ja,everyone,1453362027389284356,['1590904783661301760'],[],['http://takayan.main.jp/516/'],0,0,0,0,,2022-11-10 19:10:37.024136
False,RT @Scottish_Fold12: ë­”ê°€ ê·¸ë¦¬ë ¤ë‹¤ ë…¸ì¼ì´ë¼í¬ê¸° https://t.co/hsqWHCW5OX,Twitter for iPhone,1590904783669727233,2022-11-11T03:10:32.000Z,ko,everyone,3144860340,['1590904783669727233'],[],['https://twitter.com/Scottish_Fold12/status/1587957756023033856/photo/1'],1600,0,0,0,,2022-11-10 19:10:37.025818
False,"RT @imanuragbishnoi: #à¤•à¤‚à¤ªà¥à¤¯à¥‚à¤Ÿà¤°_à¤…à¤¨à¥à¤¦à¥‡à¤¶à¤•_à¤®à¥‡à¤‚_à¤¶à¤¿à¤¥à¤¿à¤²à¤¤à¤¾_à¤¦à¥‹

Computer à¤…à¤¨à¥à¤¦à¥‡à¤¶à¤• à¤­à¤°à¥à¤¤à¥€ à¤®à¥‡ à¤°à¤¿à¤•à¥à¤¤à¥¤ à¤ªà¤¦à¥‹à¤‚ à¤•à¥‹ à¤¶à¤¿à¤¥à¤¿à¤²à¤¤à¤¾ à¤¦à¥‡à¤•à¤° à¤­à¤°à¤¾ à¤œà¤¾à¤à¥¤

@ashokgehlot51  @Theâ€¦",Twitter for Android,1590904783652913152,2022-11-11T03:10:32.000Z,hi,everyone,1476070078151946240,['1590904783652913152'],['à¤•à¤‚à¤ªà¥à¤¯à¥‚à¤Ÿà¤°_à¤…à¤¨à¥à¤¦à¥‡à¤¶à¤•_à¤®à¥‡à¤‚_à¤¶à¤¿à¤¥à¤¿à¤²à¤¤à¤¾_à¤¦à¥‹'],[],41,0,0,0,,2022-11-10 19:10:37.026377
False,"RT @Dnlaluna: Danny Ocean no se equivocÃ³ cuando dijo:

TODO EL MUNDO QUIERE PUTERÃA Y YO SOLO QUIERO ROMANCE https://t.co/DwIRPzWQXc",Twitter for Android,1590904783644360704,2022-11-11T03:10:32.000Z,es,everyone,1540349394830168075,['1590904783644360704'],[],"['https://twitter.com/Dnlaluna/status/1590865852118990848/photo/1', 'https://twitter.com/Dnlaluna/status/1590865852118990848/photo/1']",101,0,0,0,,2022-11-10 19:10:37.026918
False,@HaroldRoche6 pbXmUIKK,Twitter Web App,1590904783669452800,2022-11-11T03:10:32.000Z,lt,everyone,2355412055,['1590904783669452800'],[],[],0,0,0,0,,2022-11-10 19:10:37.027330
False,@ip_p3 æ¬²æœ›ã®ã¾ã¾ãŠã‹ã‚ã‚Šã™ã‚‹ã¨ï½¢ä½•å›è¦³ã¦ã‚‚ãƒã‚§ãƒƒã‚«ãƒ¼ã‚ºã‚’è¦³ã‚‹å¤§æ³‰æ´‹ã‚’åˆ¶è¦‡å‡ºæ¥ãªã„ï½£äº‹æ…‹ã«é™¥ã‚‹ã®ã§ã€ãƒ†ãƒ¼ãƒã”ã¨ã®é–‹å‚¬ã¯ã‚ªã‚¹ã‚¹ãƒ¡ã§ã™ã€‚ä»–ã«ï½¢å¼Ÿã‚’æ„›ã§ã‚‹ä¼šï½£ï½¢å†…è‚¡ã§ã¦ã‚Œã‚“ã¨åº§ã‚‹ãµã«ã‚ƒç¬‘é¡”ã®é‚„æš¦ç‹å­ã‚’æ„›ã§ã‚‹ä¼šï½£ï½¢æ­Œå£°ã«æººã‚Œã‚‹ä¼šï½£ï½¢ãƒªãƒœãƒ³ã‚¿ã‚¤æ°´ç‰ãƒ–ãƒ©ã‚¦ã‚¹ã®ã‚¸ãƒ«ãƒ™ãƒ¼ãƒ«ã‚’ã‚¬ãƒ³è¦‹ã™ã‚‹ä¼šï½£ãªã©é–‹å‚¬äºˆå®šw,Twitter for Android,1590904783673884672,2022-11-11T03:10:32.000Z,ja,everyone,143731561,['1590904783673884672'],[],[],0,0,0,0,,2022-11-10 19:10:37.030191
False,"RT @biblebuildTH: â€”â€” IG story Update 
ğŸ—“ï¸ 11/11/22

ğŸ“‚ ğŸ·

IGs : buildurluve 

#BuildJakapan
@Buildbuilddd https://t.co/Di1opgCed1",Twitter for Android,1590904783665500161,2022-11-11T03:10:32.000Z,en,everyone,1543805985147727872,['1590904783665500161'],['BuildJakapan'],['https://twitter.com/biblebuildTH/status/1590895177216176128/photo/1'],104,0,0,0,,2022-11-10 19:10:37.030963
False,"RT @BTP1960: â€œTrump is madly pushing all the buttons that have worked for him, but theyâ€™re no longer working.â€

- @davidaxelrod on @Cnn",Twitter Web App,1590904783652519936,2022-11-11T03:10:32.000Z,en,everyone,76733873,['1590904783652519936'],[],[],1,0,0,0,,2022-11-10 19:10:37.035530
False,"RT @thekubieth: ğŸ $500 CASH &amp; WL GIVEAWAY ğŸ

The best NFT promotion and sharing app!

ğŸ† 2x Winner $500
ğŸ† 10x Winner @owangenft WL

To Joinâ€¦",Twitter for Android,1590904783644549120,2022-11-11T03:10:32.000Z,en,everyone,256872695,['1590904783644549120'],[],[],2481,0,0,0,,2022-11-10 19:10:37.054614
False,@Patrickschaub5 @beccakittybear We'd see less drool at a Coke party.,Twitter for Android,1590904783636172801,2022-11-11T03:10:32.000Z,en,everyone,1524044523256655872,['1590904783636172801'],[],[],0,0,0,0,,2022-11-10 19:10:37.062815
False,My anxiety about this research presentation is crippled ğŸ˜­,Twitter for iPhone,1590904783669727232,2022-11-11T03:10:32.000Z,en,everyone,1256152706823176194,['1590904783669727232'],[],[],0,0,0,0,,2022-11-10 19:10:37.074457
False,@ichijyomio ã¿ãŠã•ã‚“ç™»éŒ²ã—ã¦ã¿ã¾ã—ãŸ(^^â™ª,Twitter Web App,1590904783657127941,2022-11-11T03:10:32.000Z,ja,everyone,1236615523447664641,['1590904783657127941'],[],[],0,0,0,0,,2022-11-10 19:10:37.077711
True,https://t.co/bYauTsLtsr,is Joel,1590904783652720642,2022-11-11T03:10:32.000Z,zxx,everyone,1489183074202132481,['1590904783652720642'],[],['https://twitter.com/mei_mei021/status/1554593268519686144/video/1'],0,0,0,0,,2022-11-10 19:10:37.078589
False,RT @literallymecats: https://t.co/3kVnNgFhDP,Twitter for Android,1590904783665496066,2022-11-11T03:10:32.000Z,zxx,everyone,1417308203222667272,['1590904783665496066'],[],['https://twitter.com/literallymecats/status/1590853459129298945/photo/1'],2991,0,0,0,,2022-11-10 19:10:37.083243
False,@minaporipori ã‚¤ãƒ¤ãƒ›ãƒ³ï¼Ÿã‚¤ãƒ¤ãƒ•ã‚©ãƒ³ï¼Ÿ,Twitter for Android,1590904783657132032,2022-11-11T03:10:32.000Z,ja,everyone,1471096536675545095,['1590904783657132032'],[],[],0,0,0,0,,2022-11-10 19:10:37.095838
False,"RT @duty2warn: If Mark Kelly, Cortez-Masto, and Warnock all win, it will be the FIRST TIME in AMERICAN HISTORY that all incumbent Senatorsâ€¦",Twitter Web App,1590904783669723136,2022-11-11T03:10:32.000Z,en,everyone,1575254270701699094,['1590904783669723136'],[],[],364,0,0,0,,2022-11-10 19:10:37.121512
True,RT @alishkaisha: https://t.co/otFcaA8P4B,Twitter for Android,1590904783669690369,2022-11-11T03:10:32.000Z,zxx,everyone,1561901375839440896,['1590904783669690369'],[],['https://twitter.com/HAPPINESSPUBLI3/status/1578343828976766977/video/1'],19,0,0,0,,2022-11-10 19:10:37.147218
False,"RT @SweetenerDiego: nunca digas ""lo conozco, el no me harÃ­a eso"" porque nunca terminas de conocer a las personas, nadie es tan maravillosoâ€¦",Mutis 9K,1590904783640068101,2022-11-11T03:10:32.000Z,es,everyone,1011653855543726085,['1590904783640068101'],[],[],34,0,0,0,,2022-11-10 19:10:37.155211
False,@engineer_84m Ù‡ÙŠ Ù‡ÙƒÙŠ,Twitter for Android,1590904783669702657,2022-11-11T03:10:32.000Z,ar,everyone,1577227886813220870,['1590904783669702657'],[],[],0,0,0,0,,2022-11-10 19:10:37.164208
False,â € - Ø³Ø¨Ø­Ø§Ù† Ø§Ù„Ù„Ù‡ â € ï¹¤,Twitter Web App,1590904783673741313,2022-11-11T03:10:32.000Z,ar,everyone,2377406991,['1590904783673741313'],[],[],0,0,0,0,,2022-11-10 19:10:37.168844
False,"RT @jump_henshubu: ï¼
ãƒ•ã‚©ãƒ­ãƒ¼ï¼†RTã§å½“ãŸã‚‹ğŸ¯
11/4(é‡‘)æ–°åˆŠç™ºå£²è¨˜å¿µä¼ç”»
ï¼¼
ã€ONE PIECEã€104
æ›¸åº—ç”¨ãƒã‚¹ã‚¿ãƒ¼ã‚’
æŠ½é¸ã§3åæ§˜ã«âœ¨

1âƒ£@jump_henshubuã‚’ãƒ•ã‚©ãƒ­ãƒ¼
2âƒ£ã“ã®æŠ•ç¨¿ã‚’RTã§å¿œå‹Ÿå®Œäº†
â€»11/13ã¾ã§

è¡Œããã€æ–°æ™‚â€¦",Twitter for iPhone,1590904783657107457,2022-11-11T03:10:32.000Z,ja,everyone,1171644410,['1590904783657107457'],[],[],46034,0,0,0,,2022-11-10 19:10:37.196983
False,https://t.co/cF8u3Lg4Hd,Twitter for iPhone,1590904783648755713,2022-11-11T03:10:32.000Z,zxx,everyone,1270029676954570753,['1590904783648755713'],[],['https://twitter.com/monon_73/status/1590904783648755713/photo/1'],0,0,0,0,,2022-11-10 19:10:37.198196
False,"@vegettons @Tomiiiacosta @Luly_bobadilla Yo no metÃ­ a nadie, cuando la gente te quiere aparece sola. AsÃ­ somos las lindas",Twitter for iPhone,1590904783636148224,2022-11-11T03:10:32.000Z,es,everyone,1224468601677193218,['1590904783636148224'],[],[],0,0,0,0,,2022-11-10 19:10:37.198880
False,@fe_rengifoo Estoy buscando pero para Bog,Twitter for iPhone,1590904783661305857,2022-11-11T03:10:32.000Z,es,everyone,408152357,['1590904783661305857'],[],[],0,0,0,0,,2022-11-10 19:10:37.221076
False,#Wakandaforever e um filme incrÃ­vel do inÃ­cio ao fim (mesmo tendo perdido o indo filme) muito emocionante ğŸ¥¹ğŸ˜­ ele tem umas piadas mas e pouco e tambÃ©m ele e muito sÃ©rio e reto no roteiro a #Shuri evoluiu muito rÃ¡pido https://t.co/JIu18kXg1Q,Twitter for Android,1590904783652913153,2022-11-11T03:10:32.000Z,pt,everyone,1417710049590489089,['1590904783652913153'],"['Wakandaforever', 'Shuri']","['https://twitter.com/asctros_maxmoff/status/1590904783652913153/photo/1', 'https://twitter.com/asctros_maxmoff/status/1590904783652913153/photo/1', 'https://twitter.com/asctros_maxmoff/status/1590904783652913153/photo/1', 'https://twitter.com/asctros_maxmoff/status/1590904783652913153/photo/1']",0,0,0,0,,2022-11-10 19:10:37.868751
False,RT @jimmyyjp_: à¸ªà¸¹à¹‰à¸”à¸´à¸§à¸° https://t.co/FmsZXu35ad,Twitter for iPhone,1590904787838464000,2022-11-11T03:10:33.000Z,th,everyone,142271564,['1590904787838464000'],[],"['https://twitter.com/jimmyyjp_/status/1590737647320064004/photo/1', 'https://twitter.com/jimmyyjp_/status/1590737647320064004/photo/1']",23456,0,0,0,,2022-11-10 19:10:37.869760
False,@papaojol Bedanya apa;((,Twitter for iPhone,1590904787834646528,2022-11-11T03:10:33.000Z,in,everyone,288254216,['1590904787834646528'],[],[],0,0,0,0,,2022-11-10 19:10:37.984932
False,@kuronekochan961 å¤šåˆ†ãã‚ŒSiriå‰²ã‚Œã¨ã‚‹ã§,Twitter for iPhone,1590904787864014849,2022-11-11T03:10:33.000Z,ja,everyone,1384887741939257347,['1590904787864014849'],[],[],0,0,0,0,,2022-11-10 19:10:37.986030
False,UNA MEJOR Q LA OTRAAA TE AMO ALEJO,Twitter for Android,1590904787846852608,2022-11-11T03:10:33.000Z,es,everyone,1482218685796397058,['1590904787846852608'],[],[],0,0,0,0,,2022-11-10 19:10:38.016604
False,"ãƒ¬ãƒŸã’ã· ã©ãƒªã¦ ã‚ã‘ã™ãƒ†ã‚ˆ
âœºiherb_codeâ‘âŠ

ğŸ

ğŸ’† ğŸ’‡
Ù±Û’ÙÙÙ‡Û’Ø±Ø¨Ù
â© â³ â” â ğŸ˜ˆ DUV0931 ğŸ˜· 

âœ¤

ğŸ²

ğŸ´ ğŸµ ğŸ¶

ğŸ‘« ğŸ‘¬

â¡ â³ â  â¯ â¥ â¨ ğŸ˜… DUV0931 ğŸ˜¨

ğŸ˜

ğŸ˜

ğŸ’ˆ ğŸ’‰

â› â â™ â­ âŸ â¬ ğŸ˜« DUV0931 ğŸ™

ğŸ¡

ğŸ‡ ğŸˆ ğŸ‰

ğŸ‘¯ ğŸ‘°

â« â± â¬ â› â” â  ğŸ˜¯ DUV0931 ğŸ˜²",Twitter Web App,1590904787863994370,2022-11-11T03:10:33.000Z,ja,everyone,1413087883221639175,['1590904787863994370'],[],[],0,0,0,0,,2022-11-10 19:10:38.020876
False,@viirybloo https://t.co/j6IBQvv4js,Twitter Web App,1590904787863998468,2022-11-11T03:10:33.000Z,qme,everyone,1417970388588503043,['1590904787863998468'],[],['https://twitter.com/AD0N1SUNIKUB0N3/status/1590904787863998468/photo/1'],0,0,0,0,,2022-11-10 19:10:38.022852
False,@VitalySZN https://t.co/8cGj9ijsq8,Twitter for iPhone,1590904787834638337,2022-11-11T03:10:33.000Z,qme,everyone,1511538990,['1590904787834638337'],[],['https://twitter.com/WBR_21/status/1590904787834638337/photo/1'],0,0,0,0,,2022-11-10 19:10:38.023525
False,"ã½ãƒ™ã·ãƒ® ã‚„ãƒ“ãƒ‰ ã˜ã‹ãƒ±ãƒãµ
âiherb_codeâœ·â‡

ğŸ¥

ğŸ’ ğŸ’
Ù±Û’ÙÙÙ‡Û’Ø±Ø¨Ù
â¡ â› â¬ â› ğŸ˜µ DUV0931 ğŸ™‡ 

âŠ

ğŸ¬

ğŸ® ğŸ¯ ğŸ°

ğŸ‘« ğŸ‘¬

âŸ â­ â¯ â« â™ â  ğŸ˜… DUV0931 ğŸ˜™

ğŸ˜¦

ğŸ£

ğŸ‘— ğŸ‘˜

â± â¢ â¦ â¨ âª â¢ ğŸ˜º DUV0931 ğŸ˜¥

ğŸ¡

ğŸ¥ ğŸ¦ ğŸ§

ğŸ‘· ğŸ‘¸

âœ â â± âŸ â¬ â® ğŸ˜ª DUV0931 ğŸ˜²",Twitter Web App,1590904787830460416,2022-11-11T03:10:33.000Z,ja,everyone,1369233550193684481,['1590904787830460416'],[],[],0,0,0,0,,2022-11-10 19:10:38.028203
False,"RT @DiscordianKitty: I want to be at Nintendo's board meeting, a company that cares deeply about brand safety and its reputation for familyâ€¦",Twitter for Android,1590904787859554304,2022-11-11T03:10:33.000Z,en,everyone,44041950,['1590904787859554304'],[],[],2876,0,0,0,,2022-11-10 19:10:38.040177
False,@tom19900817 ã§ã™ã­â™ª,TweetDeck,1590904787855237120,2022-11-11T03:10:33.000Z,ja,everyone,1482250138403753987,['1590904787855237120'],[],[],0,0,0,0,,2022-11-10 19:10:38.041418
False,å¤–å›½äººã®ã‚¹ãƒ‘ãƒ ã¯ã‚ã¡ã‚ƒãã¡ã‚ƒä¸å¯§ã«ç½ ã‚’ææ¡ˆã™ã‚‹ã‘ã©æ—¥æœ¬ã®ã‚¹ãƒ‘ãƒ ã¯è‰²ä»•æ›ã‘ã§ï½³ï½¯ï¾Œ~~~ï¾â¤ã£ã¦è¨€ã£ã¦ã‚‹ã ã‘ã ã‹ã‚‰ãƒã‚¸ã§ã‚¢ãƒ¬,Twitter for Android,1590904787868209157,2022-11-11T03:10:33.000Z,ja,everyone,1507366971398324228,['1590904787868209157'],[],[],0,0,0,0,,2022-11-10 19:10:38.043226
False,"@aatfc_latino sen dÃ¼nyanÄ±n en gÃ¼zel kadÄ±nÄ±sÄ±n  p

#AyÃ§aAyÅŸinTuran AyÃ§aAyÅŸinTuran",Twitter for Android,1590904787859800064,2022-11-11T03:10:33.000Z,tr,everyone,1319870677072175104,['1590904787859800064'],['AyÃ§aAyÅŸinTuran'],[],0,0,0,0,,2022-11-10 19:10:38.044013
False,RT @ArulChristiano: Both are pillars for output dance &amp; visualsâ¤ï¸ #Niravshah sir #KalyanMaster ğŸ”¥ğŸ”¥ğŸ”¥ğŸ”¥ğŸ¥°ğŸ¤©ğŸ’¥ğŸ’ªğŸ»ğŸ¤#Thunivu #AjithKumar à®¤à®² dance gngâ€¦,Twitter for Android,1590904787846905856,2022-11-11T03:10:33.000Z,en,everyone,1345695634976768001,['1590904787846905856'],"['Niravshah', 'KalyanMaster', 'Thunivu', 'AjithKumar']",[],1115,0,0,0,,2022-11-10 19:10:38.051891
False,@Wewillrocku66 Hey Lori \m/ #MetalOn \m/,Twitter for iPhone,1590904787838840832,2022-11-11T03:10:33.000Z,en,everyone,1075169576,['1590904787838840832'],['MetalOn'],[],0,0,0,0,,2022-11-10 19:10:38.059403
False,"RT @ayaping: ãƒ¢ãƒ³ã‚¹ãƒˆã‚­ãƒ£ãƒ©æã„ãŸã‚„ã¤ã›ã£ã‹ãã ã—ã¾ã¨ã‚ã¦ãŠãã¾ã™
#ãƒ¢ãƒ³ã‚¹ãƒˆã‚¤ãƒ©ã‚¹ãƒˆ https://t.co/4i3EnXWQ3q",Twitter for Android,1590904787855618048,2022-11-11T03:10:33.000Z,ja,everyone,1499770318272876547,['1590904787855618048'],['ãƒ¢ãƒ³ã‚¹ãƒˆã‚¤ãƒ©ã‚¹ãƒˆ'],"['https://twitter.com/ayaping/status/1590656622921420800/photo/1', 'https://twitter.com/ayaping/status/1590656622921420800/photo/1', 'https://twitter.com/ayaping/status/1590656622921420800/photo/1', 'https://twitter.com/ayaping/status/1590656622921420800/photo/1']",14,0,0,0,,2022-11-10 19:10:38.061729
False,"@percysigh @treachzrous @rippevil @brninred amo mucho, a surra na cadela da taylor",Twitter Web App,1590904787863834626,2022-11-11T03:10:33.000Z,es,everyone,1400601513853132812,['1590904787863834626'],[],[],0,0,0,0,,2022-11-10 19:10:38.074365
False,"MeteoLanus
ğŸ—“ 10/11/22 | Resumen diario

Viento: 2.2 km/h ENE
Temperatura: 28.5 | 17.8 Â°C
Humedad: 80 | 45 %
PresiÃ³n: 1016.8 | 1011.5 hPa
Lluvia: 0.0 mm
RadiaciÃ³n solar: 221 W/mÂ²
Ãndice UV: 4 Moderado

https://t.co/waqCBnEnPN
#Weathercloud",Weathercloud,1590904787868192768,2022-11-11T03:10:33.000Z,es,everyone,2551017252,['1590904787868192768'],['Weathercloud'],['http://app.weathercloud.net/map#0236745354'],0,0,0,0,,2022-11-10 19:10:38.078541
False,ÛŒÛ Ù‚ÙˆÙ… Ú©Ø§ Ø§ØµÙ„ÛŒ ÛÛŒØ±Ùˆ https://t.co/WfrADsiTpe,Twitter for Android,1590904787855360000,2022-11-11T03:10:33.000Z,ur,everyone,1574756883700883457,['1590904787855360000'],[],['https://twitter.com/ihsanptishangla/status/1590904787855360000/photo/1'],0,0,0,0,,2022-11-10 19:10:38.080575
False,RT @cinnamon_sanrio: ãŠæ˜¼ã¯ãƒ›ã‚¯ãƒ›ã‚¯ã®æ —ã”ã¯ã‚“ã ã‚ˆâ™ªã„ãŸã ãã¾ãƒ¼ã™ï¼ https://t.co/YV5vQZ9QtP,Twitter Web App,1590904787838828544,2022-11-11T03:10:33.000Z,ja,everyone,905015147994812416,['1590904787838828544'],[],['https://twitter.com/cinnamon_sanrio/status/1590902157355941888/photo/1'],464,0,0,0,,2022-11-10 19:10:38.088977
False,"#LocLife
#LocJourney https://t.co/VbZH6hU9np",Twitter for Android,1590904787859804160,2022-11-11T03:10:33.000Z,qme,everyone,1552158977060130822,['1590904787859804160'],"['LocLife', 'LocJourney']",['https://twitter.com/LalitOr39183370/status/1590904787859804160/photo/1'],0,0,0,0,,2022-11-10 19:10:38.098400
False,"RT @cutesybitsy: Lisa's vocal on tally tho! ğŸ˜³ğŸ˜

SHOWSTOPPER LISA IN CHICAGO
#LALISA #MONEY #SG",Twitter for iPhone,1590904787851448320,2022-11-11T03:10:33.000Z,en,everyone,1510405403871682561,['1590904787851448320'],"['LALISA', 'MONEY', 'SG']",[],1,0,0,0,,2022-11-10 19:10:38.102599
False,ã“ã“ã§ã‚¹ãƒšã‚¹ã‚­å‡ºã•ãªã„ã£ã¦ã“ã¨ã¯æ¥æœˆä»¥é™ã§å‡ºã™å¯èƒ½æ€§ã‚ã‚‹ã£ã¦ã“ã¨ã‚ˆã­,Twitter for iPhone,1590904787838840833,2022-11-11T03:10:33.000Z,ja,everyone,1419076698734170116,['1590904787838840833'],[],[],0,0,0,0,,2022-11-10 19:10:38.107881
False,"RT @tyabesu3: #ãƒ„ã‚¤ãƒƒã‚¿ãƒ¼TLå¾©æ´»ç¥­ #ã‚¦ãƒå¨˜ 
ç›´è¿‘ã ã‘ã©ãƒãƒ­ã‚¦ã‚£ãƒ³ã«æã„ãŸãƒãƒ¤ãƒã‚’æ˜¯éã¨ã‚‚è¦‹ã¦ãã‚Œã€ã€ã€ã€ã€ https://t.co/faNyJMEiYd",Twitter Web App,1590904787855618050,2022-11-11T03:10:33.000Z,ja,everyone,3071286354,['1590904787855618050'],"['ãƒ„ã‚¤ãƒƒã‚¿ãƒ¼TLå¾©æ´»ç¥­', 'ã‚¦ãƒå¨˜']",['https://twitter.com/tyabesu3/status/1590649578155835393/photo/1'],474,0,0,0,,2022-11-10 19:10:38.113591
False,"RT @kylegriffin1: The news media should consider elevating Whitmer, Polis, and Shapiro to the same extent that it elevates DeSantis.",Twitter for iPhone,1590904787846823936,2022-11-11T03:10:33.000Z,en,everyone,130557513,['1590904787846823936'],[],[],3820,0,0,0,,2022-11-10 19:10:38.114651
False,å¤§ä½“ãƒ›ãƒ†ãƒ«ã‚’åº•å€¤ã§å–ã‚‹ã®ã¯å®¿æ³Šæ—¥3ãƒ¶æœˆå‰ä½ã ã‹ã‚‰æ­£ã«ä»Šãªã®ã‚ˆã­ã€‚ã€‚,Twitter for iPhone,1590904787847237634,2022-11-11T03:10:33.000Z,ja,everyone,1185710436059996160,['1590904787847237634'],[],[],0,0,0,0,,2022-11-10 19:10:38.116519
False,RT @PHATI0: à¸­à¸¢à¸²à¸à¹ƒà¸«à¹‰à¹€à¸à¸ˆà¸ªà¸¹à¹‰à¸”à¸´à¸§à¸°à¹€à¸›à¹‡à¸™à¹€à¸„à¸£à¸·à¹ˆà¸­à¸‡à¹€à¸•à¸·à¸­à¸™à¹ƒà¸ˆà¹ƒà¸«à¹‰à¸„à¸™à¸§à¸±à¸¢à¸£à¸¸à¹ˆà¸™à¸‚à¸¶à¹‰à¸™à¸œà¸¹à¹‰à¹ƒà¸«à¸à¹ˆà¹ƒà¸ªà¹ˆà¹ƒà¸ˆà¸ªà¸¸à¸‚à¸ à¸²à¸à¹€à¸¥à¸¢à¸­à¹ˆà¸° à¸„à¸·à¸­à¹€à¸ˆà¹‰à¸²à¸‚à¸­à¸‡à¹€à¸à¸ˆà¸­à¸²à¸¢à¸¸à¹à¸„à¹ˆ 28 à¹€à¸›à¹‡à¸™à¸„à¸¸à¸“à¸«à¸¡à¸­ à¸šà¸¸à¸«à¸£à¸µà¹ˆà¹„à¸¡à¹ˆà¸ªà¸¹à¸š à¹€à¸«â€¦,Twitter for iPhone,1590904787868217344,2022-11-11T03:10:33.000Z,th,everyone,1245391819883417602,['1590904787868217344'],[],[],76274,0,0,0,,2022-11-10 19:10:38.117401
False,"êµ¬ë§¤ëŒ€í–‰ íŒ¬ì‹¸ì¸íšŒ ì‘ëª¨ fansign luckydraw purchase pob poca í¬ì¹´ ì–‘ë„ íŒë§¤ ê±°ë˜ ìŠ¤í…Œì´ì”¨ stayc ì—”ì‹œí‹° nct ë°©íƒ„ bts ì•„ì´ì¹ ë¦° ì—ì´í‹°ì¦ˆ ateez ì—”ë¯¹ìŠ¤ nmixx sm ìŠ¤ì—  ì›¨ì´ë¸Œì´ wayv ë ˆë“œë²¨ë²³ redvelvet ì—”ì‹œí‹°ë“œë¦¼ dream 127 ì—ìŠ¤íŒŒ aespa 
âœ¨ï¸bank transfer 
paypal 
1usd -&gt; 1100 won, https://t.co/U43fq2fpPp",Twitter for Android,1590904787855642625,2022-11-11T03:10:33.000Z,ko,everyone,1475672480094494726,['1590904787855642625'],[],['https://twitter.com/chaechae_proxy/status/1541093298365816832'],0,0,0,0,,2022-11-10 19:10:38.123928
False,ãƒãƒƒãƒãƒªç§ã®ã‚¢ãƒ¯ãƒ“ã¯ã‚µãƒ¼ãƒ¢ãƒ³ãƒ”ãƒ³ã‚¯ã ã‚ˆwwç¢ºèªã—ã¦ã¿ã‚‹ï¼Ÿï¼Ÿå›ºå®šãƒ„ã‚¤ãƒ¼ãƒˆæ¥ã¦â‡’https://t.co/xUnn4nYpo4,twittbot.net,1590904787863629824,2022-11-11T03:10:33.000Z,ja,everyone,1582714778283147264,['1590904787863629824'],[],['https://bit.ly/3DcQT8Z'],0,0,0,0,,2022-11-10 19:10:38.125171
False,"RT @DWUhlfelderLaw: I will be filing a complaint with the Florida Elections Integrity Office. According to their website, ""Governor DeSantiâ€¦",Twitter for iPhone,1590904787851440128,2022-11-11T03:10:33.000Z,en,everyone,923634799,['1590904787851440128'],[],[],589,0,0,0,,2022-11-10 19:10:38.127410
False,"RT @LaplusDarknesss: ãŠã¯ã‚ˆ
ä»Šæ—¥ãƒãƒƒã‚­ãƒ¼ã®æ—¥ã‚‰ã—ã„ã‘ã©ã€ã™ã‚‹ï¼Ÿ https://t.co/m1YsPZ0JZj",Twitter for iPhone,1590904787834638336,2022-11-11T03:10:33.000Z,ja,everyone,766517032879665152,['1590904787834638336'],[],['https://twitter.com/LaplusDarknesss/status/1590872479341629441/photo/1'],1357,0,0,0,,2022-11-10 19:10:38.129575
False,RT @CentralGrupoB: GENTE A DEOLANE JÃ SABIA DE TUDO!!! QUE MANIPULAÃ‡ÃƒO #AFazenda14,Twitter for iPhone,1590904787843055618,2022-11-11T03:10:33.000Z,pt,everyone,747976490919280640,['1590904787843055618'],['AFazenda14'],[],27,0,0,0,,2022-11-10 19:10:38.138899
False,é›†ã‚ã‚‰ã‚Œã¦ã„ã‚‹ã§ã—ã‚‡ã†ã‹,Botbird tweets,1590904787868041216,2022-11-11T03:10:33.000Z,ja,everyone,1578199319928537088,['1590904787868041216'],[],[],0,0,0,0,,2022-11-10 19:10:38.150654
False,RT @gitanitaa: tu ex transformÃ¡ndose en la mejor pareja del mundo con mÃ¡s responsabilidad afectiva y las mejores intenciones justo despuÃ©sâ€¦,Twitter for Android,1590904787843055617,2022-11-11T03:10:33.000Z,es,following,1412151745464131588,['1590904787843055617'],[],[],3963,0,0,0,,2022-11-10 19:10:38.158249
True,RT @Str8_alpha_dom: Politics is irrelevant. Masculinity is all that matters bro ğŸ˜ https://t.co/kzNqDCT09q,Twitter for iPhone,1590904787859836928,2022-11-11T03:10:33.000Z,en,everyone,1388880455697539074,['1590904787859836928'],[],['https://twitter.com/Str8_alpha_dom/status/1590854718938845185/photo/1'],28,0,0,0,,2022-11-10 19:10:38.159269
False,RT @FS_lover411: @WatcherGuru https://t.co/if0jld276H,Twitter for Android,1590904787838865409,2022-11-11T03:10:33.000Z,qme,everyone,1464058923879596032,['1590904787838865409'],[],['https://twitter.com/FloatingSkulls_/status/1587761114942676992?t=ViKjSXpQJvIKPhOEHU0DfQ&s=19'],1,0,0,0,,2022-11-10 19:10:38.162515
False,RT @THECOCOLEWINSKY: @_leyseuxxx Go higher,Twitter for iPhone,1590904787855618051,2022-11-11T03:10:33.000Z,en,everyone,1030129841708908549,['1590904787855618051'],[],[],1,0,0,0,,2022-11-10 19:10:38.163318
False,otra razon para sobrevivir hasta 2025 ğŸ«¡ si se puede https://t.co/tfhBZR0fO4,Twitter for iPhone,1590904787830464513,2022-11-11T03:10:33.000Z,es,everyone,1301359689813446656,['1590904787830464513'],[],['https://twitter.com/filmupdates/status/1590834214303596544'],0,0,0,0,,2022-11-10 19:10:38.168896
False,@allghilliedup53 because they are a homeless franchise lol,TweetDeck,1590904787842670592,2022-11-11T03:10:33.000Z,en,everyone,1669135370,['1590904787842670592'],[],[],0,0,0,0,,2022-11-10 19:10:38.186505
False,2022å¹´11æœˆ10æ—¥ cloud time lapse https://t.co/nhQ0wBT1zq @YouTubeã‚ˆã‚Š,Twitter Web App,1590904787851436032,2022-11-11T03:10:33.000Z,ja,everyone,407548962,['1590904787851436032'],[],['https://youtu.be/7olsnCmoT9Q'],0,0,0,0,,2022-11-10 19:10:38.195792
False,ê°œì¢‹ì•„ . https://t.co/Eq3UjmQxqY,Twitter for iPhone,1590904787847217152,2022-11-11T03:10:33.000Z,ko,everyone,1567721996150272000,['1590904787847217152'],[],['https://twitter.com/demnaggaengdo/status/1590898985212215297'],0,0,0,0,,2022-11-10 19:10:38.201035
